Red:Wavelength(nm),Red:Intensity,Blue:Wavelength(nm),Blue:Intensity,Orange:Wavelength(nm),Orange:Intensity,Yellow:Wavelength(nm),Yellow:Intensity,Green:Wavelength(nm),Green:Intensity,White Blue:Wavelength(nm),White Blue:Intensity,Red 2:Wavelength(nm),Red 2:Intensity,Red 3:Wavelength(nm),Red 3:Intensity,Red 4:Wavelength(nm),Red 4:Intensity
380.2,0.000365,380.2,0.003407,380.2,0.000842,380.2,0.000666,380.2,-0.00025,380.2,0.957349,380.2,0.000413,380.2,0.001306,380.2,0.00119
381,0.000127,381,0.003269,381,0.00082,381,0.000446,381,-6.65E-05,381,0.964578,381,0.00038,381,0.00097,381,0.001007
381.8,0.000129,381.8,0.003181,381.8,0.000649,381.8,0.000274,381.8,0.000295,381.8,0.97865,381.8,0.000225,381.8,0.000969,381.8,0.000496
382.7,-0.00047,382.7,0.003456,382.7,0.001063,382.7,5.88E-05,382.7,0.00019,382.7,0.979058,382.7,0.000171,382.7,0.001003,382.7,0.000258
383.5,-0.00075,383.5,0.003369,383.5,0.001371,383.5,-6.80E-05,383.5,5.60E-05,383.5,0.97906,383.5,-0.00019,383.5,0.000346,383.5,7.12E-05
384.3,-0.00076,384.3,0.002754,384.3,0.000418,384.3,8.07E-05,384.3,-0.00018,384.3,0.97905,384.3,-0.00039,384.3,-4.68E-05,384.3,-0.00028
385.2,9.03E-05,385.2,0.003233,385.2,0.000308,385.2,0.000891,385.2,0.000564,385.2,0.979057,385.2,-0.00019,385.2,-6.30E-05,385.2,0.000739
386,-6.49E-05,386,0.002905,386,-0.00029,386,0.001391,386,0.000238,386,0.979056,386,-0.00042,386,0.000677,386,0.000886
386.8,0.000355,386.8,0.003618,386.8,0.000494,386.8,0.001513,386.8,0.000442,386.8,0.97907,386.8,3.01E-05,386.8,0.001044,386.8,0.001511
387.6,0.00027,387.6,0.003781,387.6,0.001099,387.6,0.001132,387.6,0.000277,387.6,0.979072,387.6,0.000378,387.6,0.000941,387.6,0.001285
388.5,0.001068,388.5,0.004138,388.5,0.001388,388.5,0.000826,388.5,0.000444,388.5,0.979076,388.5,0.00068,388.5,0.000928,388.5,0.001133
389.3,-1.34E-05,389.3,0.003136,389.3,0.000714,389.3,0.00018,389.3,-6.50E-05,389.3,0.979057,389.3,-0.00052,389.3,0.000587,389.3,0.000581
390.1,-0.00055,390.1,0.001979,390.1,-0.00013,390.1,-0.00087,390.1,-0.00102,390.1,0.979039,390.1,-0.00144,390.1,-0.00025,390.1,-0.00086
391,-0.00053,391,0.002472,391,0.00013,391,-0.00107,391,-0.00069,391,0.979046,391,-0.00119,391,6.13E-05,391,-9.15E-07
391.8,0.000287,391.8,0.002841,391.8,0.000419,391.8,-0.00037,391.8,-0.00039,391.8,0.979057,391.8,-0.00064,391.8,0.00089,391.8,0.000596
392.6,0.000181,392.6,0.0033,392.6,-6.98E-05,392.6,0.00015,392.6,0.000209,392.6,0.979064,392.6,0.000177,392.6,0.001214,392.6,0.001251
393.5,0.000473,393.5,0.002802,393.5,-6.68E-05,393.5,6.39E-05,393.5,5.27E-05,393.5,0.979059,393.5,0.00041,393.5,0.001324,393.5,0.000642
394.3,-5.50E-05,394.3,0.002668,394.3,0.000113,394.3,-0.0003,394.3,8.29E-05,394.3,0.979057,394.3,0.000393,394.3,0.000487,394.3,0.000151
395.1,0.001181,395.1,0.003582,395.1,0.00134,395.1,0.000125,395.1,0.000824,395.1,0.979076,395.1,0.000818,395.1,0.00137,395.1,0.001185
395.9,0.000851,395.9,0.003483,395.9,0.001462,395.9,0.000308,395.9,0.000787,395.9,0.979074,395.9,0.000702,395.9,0.000662,395.9,0.000713
396.8,0.00113,396.8,0.003782,396.8,0.001415,396.8,0.000111,396.8,0.00065,396.8,0.97907,396.8,0.000834,396.8,0.001131,396.8,0.000779
397.6,0.000553,397.6,0.003105,397.6,0.001201,397.6,0.000496,397.6,6.95E-05,397.6,0.979063,397.6,0.000413,397.6,0.000512,397.6,0.000261
398.4,0.000404,398.4,0.003402,398.4,0.000664,398.4,0.000475,398.4,0.000162,398.4,0.979067,398.4,0.000245,398.4,0.001138,398.4,0.000464
399.3,0.000363,399.3,0.00325,399.3,0.00081,399.3,0.000779,399.3,0.000409,399.3,0.979068,399.3,0.000151,399.3,0.000912,399.3,0.000605
400.1,-0.00034,400.1,0.002865,400.1,0.000862,400.1,0.000117,400.1,0.000541,400.1,0.979063,400.1,-0.00041,400.1,0.001174,400.1,-3.77E-05
400.9,-0.00028,400.9,0.002764,400.9,0.001039,400.9,0.000428,400.9,-0.00037,400.9,0.979062,400.9,-0.00055,400.9,0.000763,400.9,-0.00016
401.8,-0.00012,401.8,0.00303,401.8,0.001025,401.8,0.000624,401.8,-0.00094,401.8,0.979063,401.8,-4.78E-05,401.8,0.000878,401.8,-8.96E-05
402.6,0.000353,402.6,0.003616,402.6,0.000599,402.6,0.000656,402.6,-0.00114,402.6,0.979062,402.6,0.00043,402.6,0.000414,402.6,0.00038
403.4,0.000328,403.4,0.004061,403.4,0.000881,403.4,0.000791,403.4,0.00014,403.4,0.979064,403.4,0.000591,403.4,0.000495,403.4,0.001013
404.2,0.000708,404.2,0.004089,404.2,0.001178,404.2,0.000541,404.2,0.000389,404.2,0.979069,404.2,0.000255,404.2,0.000824,404.2,0.001186
405.1,0.000567,405.1,0.004094,405.1,0.000795,405.1,0.000698,405.1,0.000361,405.1,0.979064,405.1,8.56E-05,405.1,0.000806,405.1,0.001561
405.9,0.000141,405.9,0.003536,405.9,0.000384,405.9,6.31E-05,405.9,-0.00041,405.9,0.979055,405.9,-0.00019,405.9,0.00032,405.9,0.001322
406.7,-0.00054,406.7,0.003839,406.7,0.000377,406.7,2.82E-05,406.7,-1.31E-05,406.7,0.979057,406.7,-3.53E-05,406.7,-1.24E-05,406.7,0.001041
407.6,7.74E-05,407.6,0.00418,407.6,0.00117,407.6,0.000327,407.6,2.15E-05,407.6,0.979066,407.6,0.00039,407.6,6.79E-06,407.6,0.00088
408.4,0.000456,408.4,0.00454,408.4,0.001413,408.4,0.00062,408.4,0.000727,408.4,0.979071,408.4,0.000614,408.4,0.000605,408.4,0.00101
409.2,0.000407,409.2,0.004209,409.2,0.001337,409.2,0.000933,409.2,0.000353,409.2,0.979066,409.2,0.000415,409.2,-0.0003,409.2,0.001221
410.1,0.000224,410.1,0.003997,410.1,0.000767,410.1,0.000403,410.1,0.000503,410.1,0.97906,410.1,0.000173,410.1,2.42E-05,410.1,0.000791
410.9,0.000191,410.9,0.003946,410.9,0.000466,410.9,0.000554,410.9,-0.00032,410.9,0.979057,410.9,7.30E-05,410.9,-0.00025,410.9,0.000155
411.7,0.000774,411.7,0.004462,411.7,0.000306,411.7,3.16E-05,411.7,-0.00026,411.7,0.979061,411.7,0.000251,411.7,0.000648,411.7,-0.00021
412.5,0.000785,412.5,0.004815,412.5,0.001015,412.5,0.000419,412.5,-2.82E-05,412.5,0.979064,412.5,0.000137,412.5,0.001075,412.5,-8.66E-06
413.4,0.000375,413.4,0.00499,413.4,0.001344,413.4,0.000431,413.4,0.000528,413.4,0.979065,413.4,0.000401,413.4,0.001288,413.4,0.000578
414.2,0.000364,414.2,0.004665,414.2,0.001492,414.2,0.000801,414.2,0.000402,414.2,0.979061,414.2,0.000193,414.2,0.001,414.2,0.001332
415,-0.00029,415,0.004136,415,0.000995,415,0.000456,415,8.97E-05,415,0.979061,415,0.000118,415,0.000818,415,0.001264
415.9,0.000874,415.9,0.005271,415.9,0.000925,415.9,0.001168,415.9,7.29E-05,415.9,0.979071,415.9,0.000205,415.9,0.000962,415.9,0.001671
416.7,0.001442,416.7,0.005749,416.7,0.00074,416.7,0.001447,416.7,0.000602,416.7,0.979074,416.7,0.000546,416.7,0.00132,416.7,0.001503
417.5,0.002188,417.5,0.006472,417.5,0.000577,417.5,0.001723,417.5,0.000669,417.5,0.979077,417.5,0.000932,417.5,0.001457,417.5,0.001578
418.4,0.0012,418.4,0.005676,418.4,0.000479,418.4,0.00067,418.4,0.000855,418.4,0.979072,418.4,0.000466,418.4,0.001556,418.4,0.00102
419.2,-0.00016,419.2,0.004825,419.2,0.00043,419.2,0.000376,419.2,-0.00021,419.2,0.979067,419.2,-0.00029,419.2,0.001107,419.2,0.000717
420,-0.00037,420,0.005513,420,0.001242,420,0.00079,420,-0.00036,420,0.978552,420,-0.00021,420,0.001188,420,0.001045
420.8,-8.92E-05,420.8,0.005431,420.8,0.001355,420.8,0.001572,420.8,-0.00069,420.8,0.963894,420.8,0.00015,420.8,0.001032,420.8,0.000907
421.7,0.000431,421.7,0.006536,421.7,0.001869,421.7,0.001343,421.7,-6.73E-05,421.7,0.924767,421.7,0.00069,421.7,0.001371,421.7,0.000771
422.5,0.000424,422.5,0.006398,422.5,0.001037,422.5,0.001083,422.5,9.66E-05,422.5,0.861323,422.5,0.000346,422.5,0.000983,422.5,0.000566
423.3,0.000243,423.3,0.006329,423.3,0.000675,423.3,0.000547,423.3,0.000398,423.3,0.789543,423.3,-9.48E-06,423.3,0.000925,423.3,0.000693
424.2,0.000623,424.2,0.00637,424.2,0.000319,424.2,0.000635,424.2,0.000677,424.2,0.718868,424.2,0.000253,424.2,0.000925,424.2,0.001074
425,0.000635,425,0.006228,425,0.000997,425,0.000768,425,0.000556,425,0.653018,425,0.000149,425,0.001212,425,0.001103
425.8,0.001154,425.8,0.007769,425.8,0.002183,425.8,0.00087,425.8,0.000854,425.8,0.589531,425.8,0.00081,425.8,0.001754,425.8,0.00187
426.7,0.000686,426.7,0.008398,426.7,0.00172,426.7,0.000524,426.7,0.000564,426.7,0.530779,426.7,7.12E-05,426.7,0.001554,426.7,0.001238
427.5,0.000435,427.5,0.009029,427.5,0.001735,427.5,0.00033,427.5,0.000911,427.5,0.477595,427.5,0.000673,427.5,0.001353,427.5,0.001154
428.3,0.000143,428.3,0.009027,428.3,0.000798,428.3,0.000104,428.3,0.000418,428.3,0.429737,428.3,0.000505,428.3,0.00094,428.3,0.000375
429.1,0.000383,429.1,0.010042,429.1,0.001411,429.1,0.000951,429.1,0.001187,429.1,0.386846,429.1,0.001317,429.1,0.001279,429.1,0.001177
430,0.000591,430,0.009915,430,0.001088,430,0.000654,430,0.000556,430,0.347507,430,0.000962,430,0.001054,430,0.001381
430.8,0.001032,430.8,0.010497,430.8,0.000988,430.8,0.000429,430.8,0.000743,430.8,0.312594,430.8,0.000489,430.8,0.001035,430.8,0.001389
431.6,0.000164,431.6,0.009935,431.6,0.000411,431.6,-0.0001,431.6,-0.00017,431.6,0.282473,431.6,-0.00022,431.6,0.000539,431.6,0.000635
432.5,0.000359,432.5,0.011335,432.5,0.000253,432.5,0.000138,432.5,0.000386,432.5,0.256488,432.5,-0.00064,432.5,0.000829,432.5,-9.10E-06
433.3,0.000799,433.3,0.012579,433.3,0.001036,433.3,0.000467,433.3,0.000366,433.3,0.232798,433.3,0.000253,433.3,0.000973,433.3,0.000408
434.1,0.001483,434.1,0.014178,434.1,0.001369,434.1,0.000374,434.1,0.000846,434.1,0.212067,434.1,0.000882,434.1,0.001346,434.1,0.000891
435,0.001381,435,0.01526,435,0.002356,435,0.00061,435,0.000832,435,0.192818,435,0.001141,435,0.001224,435,0.001786
435.8,0.000493,435.8,0.015852,435.8,0.001268,435.8,0.000185,435.8,0.001085,435.8,0.176567,435.8,0.000458,435.8,0.000921,435.8,0.001666
436.6,-4.79E-05,436.6,0.018425,436.6,0.001244,436.6,0.000408,436.6,0.000638,436.6,0.161794,436.6,0.000391,436.6,0.000731,436.6,0.001049
437.4,-0.0005,437.4,0.020853,437.4,0.000374,437.4,-0.00045,437.4,0.000953,437.4,0.148677,437.4,0.00056,437.4,0.000287,437.4,0.000664
438.3,5.28E-05,438.3,0.024705,438.3,0.001753,438.3,0.000954,438.3,0.000973,438.3,0.136909,438.3,0.00131,438.3,0.001029,438.3,0.001146
439.1,0.001151,439.1,0.028215,439.1,0.002016,439.1,0.001214,439.1,0.001908,439.1,0.127401,439.1,0.001577,439.1,0.001626,439.1,0.001511
439.9,0.001416,439.9,0.032378,439.9,0.00235,439.9,0.001451,439.9,0.001285,439.9,0.117382,439.9,0.001295,439.9,0.001488,439.9,0.001517
440.8,0.001113,440.8,0.036576,440.8,0.001396,440.8,0.000442,440.8,0.000642,440.8,0.109979,440.8,0.001163,440.8,0.00094,440.8,0.000879
441.6,0.000322,441.6,0.041611,441.6,0.001454,441.6,0.000552,441.6,0.000189,441.6,0.1028,441.6,0.000904,441.6,0.001011,441.6,0.001127
442.4,0.000477,442.4,0.048444,442.4,0.000781,442.4,0.000718,442.4,0.000394,442.4,0.096958,442.4,0.001426,442.4,0.001122,442.4,0.000993
443.3,0.000385,443.3,0.056551,443.3,0.000598,443.3,0.001022,443.3,0.000685,443.3,0.090225,443.3,0.000831,443.3,0.00063,443.3,0.001272
444.1,0.000915,444.1,0.066702,444.1,0.000442,444.1,0.001401,444.1,0.000128,444.1,0.084528,444.1,0.000847,444.1,0.000492,444.1,0.001176
444.9,0.001047,444.9,0.078171,444.9,0.00096,444.9,0.001435,444.9,-0.00016,444.9,0.079565,444.9,0.000278,444.9,0.000813,444.9,0.001308
445.7,0.001131,445.7,0.091123,445.7,0.001698,445.7,0.001978,445.7,1.98E-05,445.7,0.07471,445.7,0.001713,445.7,0.001589,445.7,0.001613
446.6,0.000457,446.6,0.104413,446.6,0.000973,446.6,0.00076,446.6,-0.0002,446.6,0.069585,446.6,0.000666,446.6,0.000826,446.6,0.001122
447.4,0.000169,447.4,0.118287,447.4,0.000563,447.4,0.000357,447.4,0.000113,447.4,0.065124,447.4,0.000512,447.4,0.000352,447.4,0.000629
448.2,0.000196,448.2,0.133927,448.2,-2.85E-05,448.2,-5.88E-05,448.2,0.00043,448.2,0.062577,448.2,-0.00091,448.2,2.47E-05,448.2,0.000731
449.1,-0.00012,449.1,0.150092,449.1,0.00043,449.1,0.000104,449.1,0.000849,449.1,0.058988,449.1,-0.0002,449.1,8.51E-06,449.1,0.001011
449.9,0.000383,449.9,0.166721,449.9,0.000616,449.9,0.000892,449.9,0.000715,449.9,0.056622,449.9,0.000427,449.9,0.000511,449.9,0.001829
450.7,0.000149,450.7,0.183078,450.7,0.0005,450.7,0.000873,450.7,0.000803,450.7,0.052701,450.7,0.000558,450.7,0.000855,450.7,0.001089
451.6,0.000335,451.6,0.198689,451.6,0.000717,451.6,0.000871,451.6,0.000933,451.6,0.050301,451.6,0.00046,451.6,0.000926,451.6,0.001561
452.4,0.000525,452.4,0.21496,452.4,0.00113,452.4,0.00118,452.4,0.001077,452.4,0.047752,452.4,0.00021,452.4,0.001157,452.4,0.001255
453.2,0.00063,453.2,0.228507,453.2,0.000957,453.2,0.00027,453.2,4.37E-05,453.2,0.045219,453.2,-0.00027,453.2,-0.00012,453.2,0.001011
454,0.001229,454,0.241863,454,0.001551,454,0.000864,454,0.000543,454,0.043379,454,0.000491,454,0.000544,454,0.001074
454.9,0.000953,454.9,0.251883,454.9,0.001721,454.9,0.000622,454.9,0.000989,454.9,0.040957,454.9,0.000739,454.9,0.000681,454.9,0.00084
455.7,0.000376,455.7,0.260983,455.7,0.002307,455.7,0.001337,455.7,0.00138,455.7,0.039979,455.7,0.001142,455.7,0.001629,455.7,0.001067
456.5,6.19E-05,456.5,0.26749,456.5,0.001543,456.5,0.000619,456.5,0.000724,456.5,0.038,456.5,0.000376,456.5,0.001082,456.5,0.000422
457.4,-0.00066,457.4,0.271047,457.4,0.000919,457.4,0.000529,457.4,0.000658,457.4,0.036247,457.4,-1.90E-05,457.4,0.000386,457.4,0.000503
458.2,-0.00013,458.2,0.273036,458.2,0.000289,458.2,0.000578,458.2,0.000637,458.2,0.034638,458.2,0.000197,458.2,7.68E-05,458.2,0.001038
459,0.000219,459,0.272321,459,0.00018,459,0.000131,459,0.000403,459,0.03337,459,0.000461,459,5.91E-05,459,0.001146
459.9,0.00083,459.9,0.268266,459.9,0.000301,459.9,-0.0001,459.9,-8.19E-06,459.9,0.032761,459.9,0.000263,459.9,0.000389,459.9,0.001323
460.7,0.001357,460.7,0.262377,460.7,0.001096,460.7,8.24E-05,460.7,0.000468,460.7,0.032163,460.7,0.000502,460.7,0.000958,460.7,0.000958
461.5,0.001197,461.5,0.252336,461.5,0.001229,461.5,0.000309,461.5,0.000532,461.5,0.030551,461.5,-0.00011,461.5,0.001267,461.5,0.000956
462.3,0.000728,462.3,0.243214,462.3,0.00118,462.3,-0.00024,462.3,-0.00012,462.3,0.029076,462.3,0.000114,462.3,0.000993,462.3,0.000308
463.2,0.000747,463.2,0.232121,463.2,0.001108,463.2,-0.00061,463.2,0.000128,463.2,0.027832,463.2,-5.23E-05,463.2,0.001181,463.2,-0.0001
464,0.001214,464,0.22088,464,0.001645,464,0.000169,464,0.000575,464,0.027768,464,0.000921,464,0.001069,464,0.000443
464.8,0.000993,464.8,0.206847,464.8,0.001601,464.8,0.000226,464.8,0.000439,464.8,0.026597,464.8,0.000794,464.8,0.001098,464.8,0.000873
465.7,0.000514,465.7,0.193155,465.7,0.001944,465.7,-6.78E-05,465.7,-0.00011,465.7,0.02573,465.7,0.00113,465.7,0.000572,465.7,0.001342
466.5,8.69E-05,466.5,0.17768,466.5,0.001406,466.5,-9.65E-05,466.5,-0.00042,466.5,0.025035,466.5,0.000887,466.5,0.000321,466.5,0.00108
467.3,-0.00016,467.3,0.164858,467.3,0.001125,467.3,-0.00016,467.3,0.000199,467.3,0.023886,467.3,0.000859,467.3,0.000436,467.3,0.000319
468.2,0.000113,468.2,0.150381,468.2,0.000616,468.2,0.000425,468.2,0.000185,468.2,0.023499,468.2,0.000643,468.2,0.000752,468.2,0.000258
469,0.000609,469,0.139336,469,0.000786,469,0.000163,469,0.000532,469,0.023354,469,0.000687,469,0.001005,469,0.00019
469.8,0.000745,469.8,0.128309,469.8,0.001281,469.8,0.000322,469.8,0.00058,469.8,0.02431,469.8,0.000749,469.8,0.00095,469.8,0.001721
470.6,0.000553,470.6,0.118317,470.6,0.000774,470.6,-0.00014,470.6,-0.00018,470.6,0.023706,470.6,0.000414,470.6,5.69E-05,470.6,0.001178
471.5,0.000102,471.5,0.109723,471.5,0.000613,471.5,-7.49E-05,471.5,-0.00052,471.5,0.02347,471.5,0.000136,471.5,2.06E-05,471.5,0.000962
472.3,0.000154,472.3,0.101867,472.3,0.00037,472.3,0.000415,472.3,-0.00084,472.3,0.02328,472.3,0.000139,472.3,-0.00029,472.3,-0.00012
473.1,-0.00019,473.1,0.095097,473.1,0.000719,473.1,0.000583,473.1,-6.09E-05,473.1,0.022686,473.1,2.11E-05,473.1,0.000227,473.1,0.000666
474,0.000301,474,0.088221,474,0.001189,474,0.001198,474,0.000397,474,0.022926,474,0.000307,474,0.000863,474,0.001092
474.8,0.000818,474.8,0.081648,474.8,0.001183,474.8,0.000374,474.8,0.000603,474.8,0.022096,474.8,0.00079,474.8,0.000875,474.8,0.000948
475.6,0.000915,475.6,0.074552,475.6,0.001494,475.6,0.000654,475.6,0.000308,475.6,0.02188,475.6,0.000904,475.6,0.000824,475.6,0.000759
476.5,0.000262,476.5,0.067434,476.5,0.001082,476.5,0.000138,476.5,-0.0002,476.5,0.020553,476.5,0.000442,476.5,9.22E-05,476.5,0.000799
477.3,-0.00012,477.3,0.060641,477.3,0.001507,477.3,0.000411,477.3,-0.00028,477.3,0.02008,477.3,0.000411,477.3,0.000331,477.3,0.001361
478.1,-0.00038,478.1,0.054902,478.1,0.001338,478.1,-0.00021,478.1,-4.09E-05,478.1,0.019836,478.1,2.39E-05,478.1,9.25E-05,478.1,0.001222
478.9,5.74E-05,478.9,0.049417,478.9,0.001508,478.9,-0.00042,478.9,0.000573,478.9,0.019542,478.9,0.000154,478.9,0.000343,478.9,0.000688
479.8,0.000629,479.8,0.044439,479.8,0.002319,479.8,0.000411,479.8,0.000839,479.8,0.019639,479.8,0.000228,479.8,0.00062,479.8,0.001411
480.6,0.000704,480.6,0.040129,480.6,0.002452,480.6,0.000662,480.6,0.001254,480.6,0.019751,480.6,0.000998,480.6,0.000879,480.6,0.001209
481.4,0.00062,481.4,0.036383,481.4,0.002377,481.4,0.001157,481.4,0.00102,481.4,0.01996,481.4,0.001656,481.4,0.000717,481.4,0.001855
482.3,0.000914,482.3,0.032701,482.3,0.001426,482.3,0.00046,482.3,0.001252,482.3,0.019988,482.3,0.001713,482.3,0.000711,482.3,0.001207
483.1,0.001046,483.1,0.02884,483.1,0.001269,483.1,0.000325,483.1,0.000524,483.1,0.018653,483.1,0.000881,483.1,0.000504,483.1,0.001052
483.9,0.000532,483.9,0.026317,483.9,0.001263,483.9,-0.00017,483.9,0.00041,483.9,0.017569,483.9,0.000214,483.9,0.000501,483.9,0.00071
484.8,-0.00113,484.8,0.022972,484.8,0.000839,484.8,-0.00043,484.8,-0.00045,484.8,0.016647,484.8,-0.00101,484.8,0.000352,484.8,0.000203
485.6,-0.0013,485.6,0.021021,485.6,0.000889,485.6,-0.00016,485.6,7.77E-05,485.6,0.017063,485.6,-0.00061,485.6,0.000976,485.6,0.000606
486.4,-0.00063,486.4,0.018813,486.4,0.000647,486.4,-0.00046,486.4,-0.00012,486.4,0.017019,486.4,-0.00014,486.4,0.00137,486.4,0.000309
487.2,0.000123,487.2,0.017706,487.2,0.000994,487.2,0.0007,487.2,0.000566,487.2,0.017555,487.2,0.001046,487.2,0.001829,487.2,0.000679
488.1,0.000164,488.1,0.016913,488.1,0.001546,488.1,0.000725,488.1,0.000737,488.1,0.017241,488.1,0.001473,488.1,0.001685,488.1,0.00144
488.9,-2.59E-05,488.9,0.015699,488.9,0.002006,488.9,0.00091,488.9,0.000549,488.9,0.017019,488.9,0.001225,488.9,0.001834,488.9,0.001566
489.7,0.000388,489.7,0.015193,489.7,0.002191,489.7,0.000597,489.7,0.000961,489.7,0.016501,489.7,0.001004,489.7,0.002022,489.7,0.001886
490.6,0.000672,490.6,0.014083,490.6,0.001929,490.6,0.000206,490.6,0.000142,490.6,0.015853,490.6,-0.00011,490.6,0.001414,490.6,0.000609
491.4,0.000458,491.4,0.01374,491.4,0.001828,491.4,0.000992,491.4,0.001001,491.4,0.016126,491.4,-4.20E-05,491.4,0.001219,491.4,0.001322
492.2,0.000694,492.2,0.013484,492.2,0.002198,492.2,0.001196,492.2,0.000619,492.2,0.015649,492.2,0.000168,492.2,0.001305,492.2,0.001474
493.1,0.000874,493.1,0.012835,493.1,0.002071,493.1,0.001123,493.1,0.001237,493.1,0.015668,493.1,0.000389,493.1,0.00128,493.1,0.001382
493.9,0.00141,493.9,0.011994,493.9,0.002252,493.9,0.000943,493.9,0.000655,493.9,0.015443,493.9,0.000536,493.9,0.00138,493.9,0.001045
494.7,0.001415,494.7,0.011004,494.7,0.002157,494.7,0.000493,494.7,0.000907,494.7,0.01552,494.7,0.000356,494.7,0.000964,494.7,0.000829
495.5,0.001484,495.5,0.010202,495.5,0.002057,495.5,0.001375,495.5,0.001067,495.5,0.015829,495.5,0.000742,495.5,0.001665,495.5,0.002185
496.4,0.000553,496.4,0.008716,496.4,0.001683,496.4,0.000565,496.4,0.000577,496.4,0.015349,496.4,0.000406,496.4,0.000983,496.4,0.001938
497.2,0.000841,497.2,0.008325,497.2,0.001557,497.2,0.000327,497.2,0.000386,497.2,0.015045,497.2,0.000348,497.2,0.000537,497.2,0.001736
498,0.00094,498,0.008126,498,0.002145,498,0.000276,498,0.000282,498,0.014849,498,0.001319,498,0.000626,498,0.001638
498.9,0.001012,498.9,0.008322,498.9,0.002263,498.9,0.00102,498.9,0.001381,498.9,0.01434,498.9,0.001861,498.9,0.000919,498.9,0.002187
499.7,0.000439,499.7,0.007669,499.7,0.001451,499.7,0.001037,499.7,0.001321,499.7,0.014051,499.7,0.002322,499.7,0.001211,499.7,0.002294
500.5,-6.19E-05,500.5,0.00747,500.5,0.000725,500.5,-2.13E-05,500.5,0.00121,500.5,0.013518,500.5,0.000991,500.5,0.000671,500.5,0.001304
501.4,-0.00023,501.4,0.006809,501.4,0.001067,501.4,-0.00062,501.4,0.000286,501.4,0.013616,501.4,0.000366,501.4,0.000893,501.4,0.000488
502.2,8.34E-05,502.2,0.006509,502.2,0.001768,502.2,-0.00015,502.2,0.000735,502.2,0.013658,502.2,0.000329,502.2,0.000852,502.2,0.000917
503,0.0002,503,0.00588,503,0.001936,503,0.000601,503,0.001008,503,0.013632,503,0.001051,503,0.000813,503,0.000869
503.8,1.91E-05,503.8,0.006294,503.8,0.001665,503.8,0.001174,503.8,0.001286,503.8,0.012979,503.8,0.000856,503.8,0.000282,503.8,0.00129
504.7,0.000554,504.7,0.006572,504.7,0.001903,504.7,0.001299,504.7,0.000932,504.7,0.012977,504.7,0.000852,504.7,0.000736,504.7,0.001296
505.5,0.000435,505.5,0.005988,505.5,0.001893,505.5,0.000879,505.5,0.000217,505.5,0.012549,505.5,0.000504,505.5,0.001101,505.5,0.001013
506.3,0.000933,506.3,0.005682,506.3,0.002165,506.3,0.000944,506.3,0.000275,506.3,0.013349,506.3,0.000821,506.3,0.001147,506.3,0.000807
507.2,0.000417,507.2,0.005232,507.2,0.002394,507.2,0.000949,507.2,0.000557,507.2,0.013356,507.2,0.000461,507.2,0.001152,507.2,0.000353
508,0.001369,508,0.005943,508,0.00323,508,0.002035,508,0.00182,508,0.014018,508,0.001148,508,0.001472,508,0.001247
508.8,0.001663,508.8,0.006094,508.8,0.003068,508.8,0.002513,508.8,0.002319,508.8,0.014,508.8,0.001112,508.8,0.001308,508.8,0.001495
509.7,0.001572,509.7,0.005794,509.7,0.002259,509.7,0.002386,509.7,0.002074,509.7,0.013918,509.7,0.001357,509.7,0.00109,509.7,0.001629
510.5,0.000496,510.5,0.005215,510.5,0.001195,510.5,0.001402,510.5,0.001147,510.5,0.013292,510.5,0.001247,510.5,0.000811,510.5,0.001273
511.3,0.000142,511.3,0.004944,511.3,0.001245,511.3,0.000645,511.3,0.000646,511.3,0.013162,511.3,0.001655,511.3,0.001282,511.3,0.001382
512.2,0.000461,512.2,0.005184,512.2,0.001661,512.2,0.000949,512.2,0.000507,512.2,0.013229,512.2,0.001313,512.2,0.001002,512.2,0.001615
513,0.001336,513,0.00489,513,0.002124,513,0.001621,513,0.000772,513,0.013491,513,0.001052,513,0.00104,513,0.001945
513.8,0.001709,513.8,0.004798,513.8,0.002016,513.8,0.002375,513.8,0.000952,513.8,0.013231,513.8,0.001033,513.8,0.001173,513.8,0.002016
514.6,0.001246,514.6,0.003986,514.6,0.001793,514.6,0.001556,514.6,0.000647,514.6,0.0126,514.6,0.001112,514.6,0.001279,514.6,0.00121
515.4,0.000931,515.4,0.004323,515.4,0.001668,515.4,0.001733,515.4,0.000455,515.4,0.013034,515.4,0.000547,515.4,0.001259,515.4,0.001033
516.2,0.000406,516.2,0.003641,516.2,0.001238,516.2,0.000318,516.2,0.000351,516.2,0.013029,516.2,0.000106,516.2,0.000832,516.2,0.000156
517,0.000205,517,0.004099,517,0.001676,517,0.000533,517,0.000349,517,0.013104,517,-9.06E-05,517,0.00047,517,0.000677
517.8,-0.0005,517.8,0.003512,517.8,0.001062,517.8,-9.06E-06,517.8,3.66E-05,517.8,0.012278,517.8,-0.00029,517.8,1.20E-06,517.8,0.000391
518.7,2.44E-05,518.7,0.003652,518.7,0.001667,518.7,0.000791,518.7,-0.00021,518.7,0.011934,518.7,-0.00024,518.7,0.000141,518.7,0.000969
519.5,-0.00018,519.5,0.002953,519.5,0.001301,519.5,0.000966,519.5,0.000358,519.5,0.012386,519.5,-0.00018,519.5,0.000694,519.5,0.000901
520.3,0.000214,520.3,0.002989,520.3,0.001757,520.3,0.001322,520.3,0.000493,520.3,0.012814,520.3,3.05E-05,520.3,0.000672,520.3,0.000808
521.1,-0.00023,521.1,0.002687,521.1,0.00158,521.1,0.001191,521.1,0.001094,521.1,0.012865,521.1,-3.38E-05,521.1,0.000875,521.1,0.000656
521.9,0.000352,521.9,0.00295,521.9,0.002105,521.9,0.001381,521.9,0.001166,521.9,0.012742,521.9,0.000174,521.9,0.000639,521.9,0.000698
522.7,-6.10E-05,522.7,0.002549,522.7,0.002237,522.7,0.000765,522.7,0.000982,522.7,0.012721,522.7,0.000335,522.7,0.00022,522.7,0.000561
523.5,0.000341,523.5,0.003311,523.5,0.001979,523.5,0.000785,523.5,0.00082,523.5,0.012938,523.5,0.001021,523.5,0.000356,523.5,0.000779
524.3,0.000382,524.3,0.003777,524.3,0.001781,524.3,0.000869,524.3,0.000799,524.3,0.012717,524.3,0.001017,524.3,0.000292,524.3,0.00144
525.2,0.001066,525.2,0.004549,525.2,0.001876,525.2,0.001142,525.2,0.001372,525.2,0.012299,525.2,0.001,525.2,0.000815,525.2,0.002456
526,0.001216,526,0.004279,526,0.002532,526,0.001796,526,0.00162,526,0.012383,526,0.000201,526,0.000971,526,0.002729
526.8,0.000741,526.8,0.003709,526.8,0.002361,526.8,0.000923,526.8,0.001162,526.8,0.012201,526.8,-8.93E-05,526.8,0.001032,526.8,0.00208
527.6,0.00034,527.6,0.002559,527.6,0.00226,527.6,0.000941,527.6,0.000439,527.6,0.011077,527.6,-0.00015,527.6,0.00052,527.6,0.001372
528.4,0.000429,528.4,0.001684,528.4,0.001701,528.4,0.000558,528.4,2.41E-05,528.4,0.010802,528.4,0.000497,528.4,0.000108,528.4,0.000925
529.2,0.001331,529.2,0.001278,529.2,0.002379,529.2,0.001186,529.2,0.000428,529.2,0.011194,529.2,0.000891,529.2,0.000268,529.2,0.001068
530,0.000992,530,0.001222,530,0.002116,530,0.001382,530,0.000663,530,0.011453,530,0.000933,530,0.000322,530,0.000864
530.8,0.000893,530.8,0.001653,530.8,0.002318,530.8,0.000888,530.8,0.000939,530.8,0.01097,530.8,0.000485,530.8,0.000531,530.8,0.0013
531.7,0.000314,531.7,0.001851,531.7,0.00143,531.7,0.00093,531.7,0.000571,531.7,0.009862,531.7,0.000205,531.7,-4.19E-05,531.7,0.000953
532.5,0.000569,532.5,0.002389,532.5,0.001533,532.5,0.00102,532.5,0.000472,532.5,0.010402,532.5,0.000463,532.5,0.000364,532.5,0.001159
533.3,0.000466,533.3,0.002351,533.3,0.001731,533.3,0.0012,533.3,0.000352,533.3,0.009999,533.3,1.50E-06,533.3,0.000179,533.3,0.001081
534.1,0.000212,534.1,0.002112,534.1,0.001997,534.1,0.000913,534.1,0.000392,534.1,0.009739,534.1,-0.00026,534.1,0.000714,534.1,0.000683
534.9,0.00059,534.9,0.002149,534.9,0.002975,534.9,0.001121,534.9,0.001832,534.9,0.010156,534.9,0.000587,534.9,0.001619,534.9,0.001575
535.7,8.73E-05,535.7,0.001945,535.7,0.002606,535.7,0.001541,535.7,0.001654,535.7,0.010644,535.7,0.000528,535.7,0.001406,535.7,0.001121
536.5,0.000397,536.5,0.002357,536.5,0.003129,536.5,0.002391,536.5,0.002342,536.5,0.011345,536.5,0.001447,536.5,0.001741,536.5,0.001433
537.3,-0.00011,537.3,0.001924,537.3,0.002577,537.3,0.001301,537.3,0.00151,537.3,0.010636,537.3,0.000571,537.3,0.000838,537.3,0.00076
538.2,0.00036,538.2,0.00137,538.2,0.00266,538.2,0.00064,538.2,0.001285,538.2,0.010311,538.2,0.000594,538.2,0.000679,538.2,0.000666
539,0.000418,539,0.001501,539,0.002707,539,0.000877,539,0.001101,539,0.01038,539,0.000276,539,0.000581,539,0.001361
539.8,0.000729,539.8,0.002331,539.8,0.003035,539.8,0.001782,539.8,0.001344,539.8,0.010261,539.8,7.12E-05,539.8,0.001294,539.8,0.00157
540.6,7.97E-05,540.6,0.002567,540.6,0.003018,540.6,0.002029,540.6,0.001619,540.6,0.010176,540.6,0.000295,540.6,0.00127,540.6,0.001476
541.4,-0.00018,541.4,0.002397,541.4,0.002701,541.4,0.001366,541.4,0.001736,541.4,0.009999,541.4,5.74E-05,541.4,0.000956,541.4,0.001069
542.2,0.000156,542.2,0.002027,542.2,0.002412,542.2,0.001109,542.2,0.001947,542.2,0.009784,542.2,0.000174,542.2,0.000511,542.2,0.000883
543,0.001014,543,0.002319,543,0.002844,543,0.00161,543,0.002135,543,0.009558,543,0.000681,543,0.001303,543,0.001373
543.8,0.001271,543.8,0.002644,543.8,0.002672,543.8,0.001748,543.8,0.001627,543.8,0.009362,543.8,0.000816,543.8,0.001528,543.8,0.001651
544.7,0.000746,544.7,0.002489,544.7,0.003257,544.7,0.00195,544.7,0.001962,544.7,0.009708,544.7,0.00085,544.7,0.001808,544.7,0.001467
545.5,0.000905,545.5,0.002773,545.5,0.003961,545.5,0.00207,545.5,0.002876,545.5,0.01054,545.5,0.000873,545.5,0.00158,545.5,0.001733
546.3,0.000779,546.3,0.00227,546.3,0.004536,546.3,0.001933,546.3,0.003429,546.3,0.010065,546.3,0.000374,546.3,0.001381,546.3,0.001478
547.1,0.001486,547.1,0.002099,547.1,0.004201,547.1,0.001605,547.1,0.002577,547.1,0.010229,547.1,0.000286,547.1,0.000844,547.1,0.001688
547.9,0.000955,547.9,0.00212,547.9,0.003687,547.9,0.001416,547.9,0.002288,547.9,0.009988,547.9,-0.00019,547.9,0.000546,547.9,0.001927
548.7,0.00127,548.7,0.001949,548.7,0.003304,548.7,0.002257,548.7,0.002426,548.7,0.01073,548.7,0.000117,548.7,0.000763,548.7,0.002046
549.5,0.000965,549.5,0.001567,549.5,0.002852,549.5,0.002634,549.5,0.003223,549.5,0.010827,549.5,0.000377,549.5,0.000626,549.5,0.001458
550.4,0.000616,550.4,0.000872,550.4,0.002981,550.4,0.002363,550.4,0.003906,550.4,0.010405,550.4,0.000548,550.4,0.000767,550.4,0.001126
551.2,-0.00017,551.2,0.000561,551.2,0.002928,551.2,0.001751,551.2,0.004265,551.2,0.009737,551.2,0.000177,551.2,0.000458,551.2,0.000625
552,-0.00082,552,0.000538,552,0.003156,552,0.001641,552,0.004228,552,0.009058,552,-5.32E-05,552,0.000627,552,0.001075
552.8,-0.0005,552.8,0.001149,552.8,0.002466,552.8,0.001901,552.8,0.003542,552.8,0.009089,552.8,-0.00072,552.8,0.000821,552.8,0.0007
553.6,-2.16E-05,553.6,0.001286,553.6,0.002696,553.6,0.001902,553.6,0.004003,553.6,0.008834,553.6,-0.00054,553.6,0.000697,553.6,0.001159
554.4,0.000369,554.4,0.00166,554.4,0.002674,554.4,0.00217,554.4,0.004582,554.4,0.008752,554.4,-9.75E-05,554.4,0.001269,554.4,0.001973
555.2,0.000655,555.2,0.001015,555.2,0.002877,555.2,0.002685,555.2,0.005359,555.2,0.00821,555.2,0.000197,555.2,0.001052,555.2,0.002059
556,0.000861,556,0.001575,556,0.003112,556,0.002781,556,0.00621,556,0.009066,556,0.000564,556,0.001753,556,0.002291
556.9,0.000702,556.9,0.001848,556.9,0.003763,556.9,0.002504,556.9,0.00675,556.9,0.009515,556.9,-4.41E-05,556.9,0.001093,556.9,0.001678
557.7,0.00077,557.7,0.001928,557.7,0.004484,557.7,0.002645,557.7,0.007579,557.7,0.010112,557.7,5.31E-05,557.7,0.000945,557.7,0.002027
558.5,0.000229,558.5,0.001736,558.5,0.004544,558.5,0.002938,558.5,0.007408,558.5,0.009646,558.5,-0.00045,558.5,0.000739,558.5,0.001716
559.3,0.000262,559.3,0.001361,559.3,0.003879,559.3,0.003733,559.3,0.008587,559.3,0.00958,559.3,-0.00026,559.3,0.001062,559.3,0.001896
560.1,7.91E-05,560.1,0.001654,560.1,0.0039,560.1,0.00398,560.1,0.009314,560.1,0.009689,560.1,1.14E-05,560.1,0.001777,560.1,0.001849
560.9,-4.06E-05,560.9,0.001173,560.9,0.003973,560.9,0.004437,560.9,0.010559,560.9,0.009704,560.9,0.000292,560.9,0.001469,560.9,0.00171
561.7,0.0001,561.7,0.000872,561.7,0.005089,561.7,0.00455,561.7,0.010779,561.7,0.010176,561.7,0.000542,561.7,0.001023,561.7,0.00144
562.5,0.000574,562.5,0.001013,562.5,0.005774,562.5,0.005173,562.5,0.012227,562.5,0.010337,562.5,0.00109,562.5,0.000891,562.5,0.001665
563.4,0.001153,563.4,0.000909,563.4,0.005481,563.4,0.004838,563.4,0.012935,563.4,0.009974,563.4,0.001132,563.4,0.000947,563.4,0.001612
564.2,0.001036,564.2,0.000986,564.2,0.00521,564.2,0.005412,564.2,0.014133,564.2,0.009185,564.2,0.000824,564.2,0.001447,564.2,0.001588
565,0.001086,565,0.001138,565,0.005055,565,0.005336,565,0.014671,565,0.009349,565,0.000756,565,0.001231,565,0.001223
565.8,-5.67E-05,565.8,0.000849,565.8,0.005372,565.8,0.005612,565.8,0.015894,565.8,0.009375,565.8,2.14E-06,565.8,0.00085,565.8,0.001033
566.6,0.000459,566.6,0.001133,566.6,0.005205,566.6,0.005881,566.6,0.017517,566.6,0.009372,566.6,0.000302,566.6,0.001053,566.6,0.00116
567.4,0.000185,567.4,0.00039,567.4,0.004954,567.4,0.006264,567.4,0.018642,567.4,0.009124,567.4,-0.00013,567.4,0.001099,567.4,0.001101
568.2,0.001308,568.2,0.001097,568.2,0.005228,568.2,0.007268,568.2,0.020332,568.2,0.009716,568.2,0.000962,568.2,0.001505,568.2,0.002068
569,0.000549,569,0.000419,569,0.005174,569,0.007231,569,0.021013,569,0.009711,569,0.000515,569,0.00064,569,0.00163
569.9,3.65E-05,569.9,0.000198,569.9,0.005488,569.9,0.007995,569.9,0.022388,569.9,0.009948,569.9,0.000552,569.9,0.000689,569.9,0.001716
570.7,-0.00066,570.7,-0.00011,570.7,0.006397,570.7,0.00841,570.7,0.022998,570.7,0.009265,570.7,-0.00035,570.7,0.000264,570.7,0.000957
571.5,-0.00021,571.5,0.00012,571.5,0.006981,571.5,0.009082,571.5,0.022751,571.5,0.008977,571.5,-0.00014,571.5,0.001251,571.5,0.001015
572.3,-0.00025,572.3,0.000897,572.3,0.007654,572.3,0.00999,572.3,0.022677,572.3,0.008783,572.3,9.19E-05,572.3,0.001583,572.3,0.001578
573.1,0.000157,573.1,0.000777,573.1,0.007982,573.1,0.011089,573.1,0.021986,573.1,0.009575,573.1,0.001143,573.1,0.001763,573.1,0.00209
573.9,0.000474,573.9,0.00154,573.9,0.009138,573.9,0.012599,573.9,0.022156,573.9,0.009824,573.9,0.001674,573.9,0.001554,573.9,0.002355
574.7,0.000768,574.7,0.001613,574.7,0.009693,574.7,0.012824,574.7,0.020607,574.7,0.009688,574.7,0.001379,574.7,0.001282,574.7,0.001936
575.5,0.001139,575.5,0.001826,575.5,0.009811,575.5,0.012929,575.5,0.018615,575.5,0.009507,575.5,0.001014,575.5,0.001488,575.5,0.001829
576.4,0.000641,576.4,0.001996,576.4,0.010054,576.4,0.013877,576.4,0.016874,576.4,0.009945,576.4,0.001063,576.4,0.001449,576.4,0.002933
577.2,0.000656,577.2,0.001691,577.2,0.010709,577.2,0.014204,577.2,0.015402,577.2,0.00957,577.2,0.00128,577.2,0.00172,577.2,0.002923
578,0.000623,578,0.002034,578,0.01214,578,0.015811,578,0.015394,578,0.00946,578,0.001841,578,0.001883,578,0.003076
578.8,0.000163,578.8,0.001489,578.8,0.012284,578.8,0.015695,578.8,0.013449,578.8,0.00887,578.8,0.000839,578.8,0.00136,578.8,0.001797
579.6,0.000117,579.6,0.001673,579.6,0.012615,579.6,0.016991,579.6,0.01278,579.6,0.009032,579.6,0.000663,579.6,0.001337,579.6,0.001652
580.4,0.000357,580.4,0.001369,580.4,0.012603,580.4,0.017841,580.4,0.011302,580.4,0.009089,580.4,0.00029,580.4,0.000854,580.4,0.001916
581.2,0.001054,581.2,0.001663,581.2,0.014323,581.2,0.019595,581.2,0.01171,581.2,0.009907,581.2,0.000855,581.2,0.001234,581.2,0.002743
582.1,0.00106,582.1,0.001511,582.1,0.015882,582.1,0.021372,582.1,0.010721,582.1,0.009942,582.1,0.001123,582.1,0.000823,582.1,0.002823
582.9,0.000419,582.9,0.00116,582.9,0.016993,582.9,0.022496,582.9,0.009988,582.9,0.009133,582.9,0.000666,582.9,0.001302,582.9,0.002652
583.7,0.000107,583.7,0.000726,583.7,0.017502,583.7,0.024252,583.7,0.008847,583.7,0.008096,583.7,0.000346,583.7,0.001523,583.7,0.002086
584.5,0.000162,584.5,0.000175,584.5,0.01818,584.5,0.026817,584.5,0.008049,584.5,0.007665,584.5,2.93E-05,584.5,0.001307,584.5,0.001975
585.3,-1.13E-05,585.3,0.00056,585.3,0.019694,585.3,0.030406,585.3,0.00672,585.3,0.007578,585.3,0.000343,585.3,0.000715,585.3,0.001749
586.1,0.000265,586.1,0.000744,586.1,0.02198,586.1,0.034545,586.1,0.006215,586.1,0.0081,586.1,0.000956,586.1,0.000561,586.1,0.002474
586.9,0.000479,586.9,0.001565,586.9,0.024655,586.9,0.037919,586.9,0.00614,586.9,0.008459,586.9,0.001568,586.9,0.000958,586.9,0.00287
587.7,0.001417,587.7,0.001645,587.7,0.027757,587.7,0.041341,587.7,0.006866,587.7,0.008935,587.7,0.00143,587.7,0.00166,587.7,0.003116
588.5,0.001523,588.5,0.001232,588.5,0.030608,588.5,0.044642,588.5,0.006396,588.5,0.008878,588.5,0.001266,588.5,0.001909,588.5,0.002663
589.2,0.000478,589.2,0.000199,589.2,0.033295,589.2,0.047402,589.2,0.00527,589.2,0.007615,589.2,0.000122,589.2,0.001015,589.2,0.002159
590,-0.00012,590,-0.00019,590,0.036846,590,0.049351,590,0.003948,590,0.007114,590,0.000637,590,0.00099,590,0.002186
590.7,0.000516,590.7,0.000871,590.7,0.042138,590.7,0.050479,590.7,0.004249,590.7,0.007439,590.7,0.000897,590.7,0.001568,590.7,0.003291
591.5,0.001402,591.5,0.001684,591.5,0.048323,591.5,0.049517,591.5,0.004658,591.5,0.008018,591.5,0.00171,591.5,0.002469,591.5,0.003966
592.2,0.001207,592.2,0.002042,592.2,0.05443,592.2,0.047602,592.2,0.004435,592.2,0.008072,592.2,0.0012,592.2,0.0022,592.2,0.003922
593,0.000848,593,0.001008,593,0.061256,593,0.043198,593,0.003047,593,0.007335,593,0.000895,593,0.001467,593,0.003083
593.7,0.000661,593.7,0.000718,593.7,0.070025,593.7,0.039375,593.7,0.002238,593.7,0.007083,593.7,0.000634,593.7,0.000989,593.7,0.003011
594.5,0.001355,594.5,0.001054,594.5,0.08246,594.5,0.036056,594.5,0.002407,594.5,0.007555,594.5,0.001165,594.5,0.00147,594.5,0.003402
595.2,0.000714,595.2,0.00101,595.2,0.095489,595.2,0.032121,595.2,0.002093,595.2,0.006984,595.2,0.001163,595.2,0.001223,595.2,0.003852
596,0.001115,596,0.001921,596,0.111411,596,0.028948,596,0.003049,596,0.007713,596,0.001589,596,0.002108,596,0.004402
596.7,0.001197,596.7,0.001821,596.7,0.126269,596.7,0.024127,596.7,0.002782,596.7,0.007482,596.7,0.001353,596.7,0.001684,596.7,0.004465
597.5,0.001617,597.5,0.001668,597.5,0.145821,597.5,0.021249,597.5,0.002806,597.5,0.008046,597.5,0.001443,597.5,0.002123,597.5,0.00437
598.2,0.001398,598.2,0.000889,598.2,0.166163,598.2,0.017891,598.2,0.001996,598.2,0.007398,598.2,0.001501,598.2,0.001592,598.2,0.004619
599,0.000552,599,0.000283,599,0.191945,599,0.016032,599,0.001633,599,0.007249,599,0.001254,599,0.00202,599,0.004883
599.7,0.000769,599.7,0.000886,599.7,0.219025,599.7,0.014403,599.7,0.001942,599.7,0.007358,599.7,0.001123,599.7,0.001946,599.7,0.004652
600.5,0.000396,600.5,0.0005,600.5,0.247121,600.5,0.012849,600.5,0.001058,600.5,0.007085,600.5,0.00128,600.5,0.002102,600.5,0.004653
601.2,0.000565,601.2,0.001386,601.2,0.276218,601.2,0.011808,601.2,0.001582,601.2,0.006976,601.2,0.001742,601.2,0.00233,601.2,0.00539
602,6.25E-05,602,0.001152,602,0.306098,602,0.011253,602,0.001136,602,0.006543,602,0.001782,602,0.002298,602,0.00623
602.7,5.52E-05,602.7,0.001465,602.7,0.340661,602.7,0.010625,602.7,0.001208,602.7,0.006917,602.7,0.001506,602.7,0.002245,602.7,0.005737
603.4,0.000595,603.4,0.000831,603.4,0.377315,603.4,0.009994,603.4,0.000637,603.4,0.007072,603.4,0.001431,603.4,0.001767,603.4,0.005208
604.2,0.001025,604.2,0.001081,604.2,0.414179,604.2,0.008724,604.2,0.00102,604.2,0.007137,604.2,0.001851,604.2,0.001492,604.2,0.006049
604.9,0.001443,604.9,0.001481,604.9,0.444112,604.9,0.008961,604.9,0.001412,604.9,0.007153,604.9,0.001836,604.9,0.001651,604.9,0.007266
605.7,0.000576,605.7,0.001251,605.7,0.467748,605.7,0.007923,605.7,0.001159,605.7,0.007021,605.7,0.001875,605.7,0.001721,605.7,0.007731
606.4,0.000442,606.4,0.001137,606.4,0.486426,606.4,0.007919,606.4,0.001474,606.4,0.007464,606.4,0.002132,606.4,0.002153,606.4,0.007309
607.2,-0.00012,607.2,0.001238,607.2,0.502537,607.2,0.006721,607.2,0.00141,607.2,0.007206,607.2,0.002264,607.2,0.001789,607.2,0.007539
607.9,0.0005,607.9,0.001183,607.9,0.509841,607.9,0.006254,607.9,0.001554,607.9,0.006949,607.9,0.002435,607.9,0.002662,607.9,0.007725
608.7,0.000817,608.7,0.001534,608.7,0.50704,608.7,0.005996,608.7,0.001445,608.7,0.006828,608.7,0.002534,608.7,0.00309,608.7,0.008304
609.4,0.001266,609.4,0.001381,609.4,0.489553,609.4,0.005688,609.4,0.001642,609.4,0.006942,609.4,0.002741,609.4,0.003226,609.4,0.008558
610.2,0.000966,610.2,0.001209,610.2,0.461847,610.2,0.005278,610.2,0.000824,610.2,0.006801,610.2,0.00253,610.2,0.002082,610.2,0.008724
610.9,0.000257,610.9,0.000965,610.9,0.428261,610.9,0.004147,610.9,0.000601,610.9,0.006585,610.9,0.002126,610.9,0.002091,610.9,0.00874
611.7,0.000446,611.7,0.00125,611.7,0.392717,611.7,0.003795,611.7,0.000581,611.7,0.006388,611.7,0.002252,611.7,0.002178,611.7,0.008765
612.4,0.001049,612.4,0.001359,612.4,0.361455,612.4,0.003803,612.4,0.001344,612.4,0.006825,612.4,0.002404,612.4,0.002982,612.4,0.009962
613.2,0.001193,613.2,0.001099,613.2,0.330859,613.2,0.003139,613.2,0.001369,613.2,0.006739,613.2,0.002611,613.2,0.002404,613.2,0.010895
613.9,0.001341,613.9,0.000796,613.9,0.30534,613.9,0.002973,613.9,0.000918,613.9,0.006741,613.9,0.002896,613.9,0.002826,613.9,0.012541
614.7,0.001465,614.7,0.001273,614.7,0.282558,614.7,0.002489,614.7,0.000762,614.7,0.006247,614.7,0.003336,614.7,0.003158,614.7,0.013072
615.4,0.001887,615.4,0.001037,615.4,0.263801,615.4,0.0028,615.4,-0.00023,615.4,0.005639,615.4,0.003376,615.4,0.003642,615.4,0.013895
616.2,0.001762,616.2,0.000477,616.2,0.249934,616.2,0.002123,616.2,-0.00029,616.2,0.00551,616.2,0.003022,616.2,0.003682,616.2,0.013872
616.9,0.001553,616.9,0.000251,616.9,0.239465,616.9,0.00183,616.9,8.54E-05,616.9,0.005088,616.9,0.00327,616.9,0.003665,616.9,0.014896
617.7,0.00172,617.7,0.000543,617.7,0.23092,617.7,0.00165,617.7,0.00121,617.7,0.005791,617.7,0.003743,617.7,0.003844,617.7,0.016257
618.4,0.001859,618.4,0.000924,618.4,0.221863,618.4,0.001942,618.4,0.001982,618.4,0.006262,618.4,0.004304,618.4,0.004099,618.4,0.017851
619.1,0.001387,619.1,7.61E-05,619.1,0.21061,619.1,0.001593,619.1,0.001117,619.1,0.006197,619.1,0.003684,619.1,0.003442,619.1,0.018773
619.9,0.001381,619.9,-0.00027,619.9,0.199838,619.9,0.001546,619.9,0.000175,619.9,0.005587,619.9,0.003431,619.9,0.003865,619.9,0.020115
620.6,0.00157,620.6,-0.0008,620.6,0.187461,620.6,0.001615,620.6,-0.00038,620.6,0.005035,620.6,0.003425,620.6,0.00363,620.6,0.022013
621.4,0.003325,621.4,8.83E-05,621.4,0.174942,621.4,0.002257,621.4,0.0004,621.4,0.005643,621.4,0.00384,621.4,0.004387,621.4,0.024404
622.1,0.003159,622.1,0.000975,622.1,0.15941,622.1,0.002399,622.1,0.00077,622.1,0.006297,622.1,0.004728,622.1,0.004202,622.1,0.026385
622.9,0.003184,622.9,0.001577,622.9,0.144729,622.9,0.002413,622.9,0.000806,622.9,0.006716,622.9,0.004585,622.9,0.004789,622.9,0.027561
623.6,0.003084,623.6,0.001959,623.6,0.129093,623.6,0.002418,623.6,0.00101,623.6,0.007243,623.6,0.004991,623.6,0.005662,623.6,0.029696
624.4,0.003514,624.4,0.00131,624.4,0.113864,624.4,0.001969,624.4,0.001092,624.4,0.006828,624.4,0.004792,624.4,0.005669,624.4,0.03169
625.1,0.003406,625.1,0.001363,625.1,0.09867,625.1,0.001137,625.1,0.000907,625.1,0.006277,625.1,0.005555,625.1,0.005555,625.1,0.035061
625.9,0.002822,625.9,0.001054,625.9,0.085841,625.9,0.001194,625.9,0.00062,625.9,0.00585,625.9,0.006138,625.9,0.005435,625.9,0.03887
626.6,0.002904,626.6,0.001637,626.6,0.074013,626.6,0.001655,626.6,0.000402,626.6,0.00573,626.6,0.006333,626.6,0.006086,626.6,0.043478
627.4,0.002587,627.4,0.001311,627.4,0.063974,627.4,0.001624,627.4,7.96E-05,627.4,0.005535,627.4,0.006378,627.4,0.006171,627.4,0.047758
628.1,0.002498,628.1,0.001016,628.1,0.053874,628.1,0.001065,628.1,-0.00022,628.1,0.005255,628.1,0.00578,628.1,0.005583,628.1,0.05225
628.9,0.002401,628.9,0.00042,628.9,0.046205,628.9,2.78E-05,628.9,-0.00024,628.9,0.004871,628.9,0.006006,628.9,0.005152,628.9,0.057353
629.6,0.004004,629.6,0.000659,629.6,0.03952,629.6,0.001142,629.6,0.000519,629.6,0.006284,629.6,0.007421,629.6,0.006167,629.6,0.064401
630.4,0.004337,630.4,0.001242,630.4,0.03481,630.4,0.001191,630.4,0.000659,630.4,0.006374,630.4,0.008316,630.4,0.00699,630.4,0.071753
631.1,0.004883,631.1,0.00151,631.1,0.031317,631.1,0.001933,631.1,0.000595,631.1,0.006965,631.1,0.009377,631.1,0.007651,631.1,0.080649
631.9,0.00386,631.9,0.000569,631.9,0.027457,631.9,0.000482,631.9,-0.00028,631.9,0.005691,631.9,0.00854,631.9,0.007038,631.9,0.089135
632.6,0.003751,632.6,-0.00014,632.6,0.023108,632.6,-0.00026,632.6,-0.00069,632.6,0.00482,632.6,0.009302,632.6,0.006613,632.6,0.099031
633.4,0.003705,633.4,5.55E-05,633.4,0.020564,633.4,-0.00042,633.4,-3.99E-05,633.4,0.004872,633.4,0.009622,633.4,0.007296,633.4,0.108778
634.1,0.003524,634.1,0.000385,634.1,0.018789,634.1,-0.00015,634.1,0.000521,634.1,0.005073,634.1,0.010017,634.1,0.007933,634.1,0.120592
634.8,0.003888,634.8,0.001282,634.8,0.017948,634.8,0.000447,634.8,0.000902,634.8,0.00588,634.8,0.01128,634.8,0.009186,634.8,0.134433
635.6,0.004019,635.6,0.000543,635.6,0.01563,635.6,-0.00015,635.6,-0.00019,635.6,0.005471,635.6,0.011407,635.6,0.009043,635.6,0.150591
636.3,0.005777,636.3,0.001538,636.3,0.015634,636.3,0.000693,636.3,0.000464,636.3,0.006005,636.3,0.013655,636.3,0.010335,636.3,0.168264
637.1,0.005941,637.1,0.000313,637.1,0.014679,637.1,0.000611,637.1,-3.83E-05,637.1,0.005485,637.1,0.013536,637.1,0.010623,637.1,0.185896
637.8,0.005931,637.8,0.000931,637.8,0.014484,637.8,0.001547,637.8,0.00065,637.8,0.005726,637.8,0.01515,637.8,0.011763,637.8,0.20393
638.6,0.006018,638.6,0.000463,638.6,0.012582,638.6,0.001178,638.6,-0.00056,638.6,0.005828,638.6,0.015713,638.6,0.012282,638.6,0.223758
639.3,0.006646,639.3,0.000967,639.3,0.012057,639.3,0.001506,639.3,0.000281,639.3,0.006547,639.3,0.017566,639.3,0.013223,639.3,0.246739
640.1,0.007322,640.1,0.000945,640.1,0.010755,640.1,0.000726,640.1,0.000238,640.1,0.006031,640.1,0.017773,640.1,0.013831,640.1,0.271768
640.8,0.007902,640.8,0.001137,640.8,0.010442,640.8,0.00124,640.8,0.000856,640.8,0.005791,640.8,0.018947,640.8,0.014394,640.8,0.29775
641.6,0.008129,641.6,0.001358,641.6,0.009501,641.6,0.001121,641.6,0.000525,641.6,0.00562,641.6,0.019611,641.6,0.014909,641.6,0.323035
642.3,0.00835,642.3,0.001468,642.3,0.009193,642.3,0.001423,642.3,6.58E-05,642.3,0.005777,642.3,0.02186,642.3,0.015377,642.3,0.349083
643.1,0.008457,643.1,0.00108,643.1,0.008709,643.1,0.000827,643.1,-0.00048,643.1,0.005464,643.1,0.023781,643.1,0.016271,643.1,0.37477
643.8,0.00922,643.8,0.000707,643.8,0.008369,643.8,0.001126,643.8,-0.00031,643.8,0.005288,643.8,0.025591,643.8,0.017086,643.8,0.400748
644.6,0.009857,644.6,0.000915,644.6,0.007823,644.6,0.001164,644.6,-4.05E-05,644.6,0.005586,644.6,0.026674,644.6,0.018446,644.6,0.427992
645.3,0.009879,645.3,0.000444,645.3,0.006711,645.3,0.001003,645.3,0.000159,645.3,0.005266,645.3,0.027714,645.3,0.019139,645.3,0.453319
646.1,0.010087,646.1,0.000906,646.1,0.006495,646.1,0.000965,646.1,0.000221,646.1,0.005639,646.1,0.028605,646.1,0.01997,646.1,0.476888
646.8,0.010139,646.8,-0.00011,646.8,0.006259,646.8,0.000452,646.8,0.000238,646.8,0.005653,646.8,0.029973,646.8,0.020677,646.8,0.495885
647.6,0.01045,647.6,0.000855,647.6,0.006108,647.6,0.000752,647.6,0.000504,647.6,0.005984,647.6,0.030915,647.6,0.021539,647.6,0.515591
648.3,0.010173,648.3,0.000668,648.3,0.005466,648.3,5.92E-05,648.3,-9.84E-05,648.3,0.005883,648.3,0.031654,648.3,0.022089,648.3,0.531131
649.1,0.010029,649.1,0.000437,649.1,0.004983,649.1,0.000464,649.1,-0.00042,649.1,0.005178,649.1,0.031061,649.1,0.021623,649.1,0.541102
649.8,0.009781,649.8,0.000384,649.8,0.005091,649.8,0.000599,649.8,-0.0002,649.8,0.004851,649.8,0.029526,649.8,0.021318,649.8,0.541007
650.5,0.009268,650.5,0.000392,650.5,0.005227,650.5,0.000644,650.5,0.000292,650.5,0.004542,650.5,0.027167,650.5,0.020252,650.5,0.528247
651.3,0.009113,651.3,0.001059,651.3,0.005572,651.3,0.000728,651.3,0.001289,651.3,0.00456,651.3,0.024664,651.3,0.019133,651.3,0.502688
652,0.008321,652,0.000519,652,0.00536,652,-8.44E-05,652,0.000807,652,0.004657,652,0.021273,652,0.017093,652,0.468092
652.8,0.00782,652.8,0.000578,652.8,0.004929,652.8,0.000213,652.8,0.00071,652.8,0.004812,652.8,0.018262,652.8,0.014824,652.8,0.42644
653.5,0.006879,653.5,0.000797,653.5,0.00457,653.5,0.00017,653.5,0.000809,653.5,0.004941,653.5,0.016152,653.5,0.012706,653.5,0.378831
654.3,0.005958,654.3,0.000886,654.3,0.004083,654.3,0.000933,654.3,0.001029,654.3,0.005098,654.3,0.013885,654.3,0.011056,654.3,0.325615
655,0.005656,655,0.000963,655,0.004543,655,0.001024,655,0.001583,655,0.004675,655,0.013388,655,0.010901,655,0.274115
655.8,0.00522,655.8,0.000499,655.8,0.003937,655.8,0.001185,655.8,0.001175,655.8,0.004638,655.8,0.011053,655.8,0.00966,655.8,0.228692
656.5,0.005007,656.5,1.41E-05,656.5,0.003848,656.5,0.000826,656.5,0.000594,656.5,0.004176,656.5,0.009804,656.5,0.008443,656.5,0.189343
657.3,0.004508,657.3,8.66E-05,657.3,0.003236,657.3,0.000744,657.3,0.000386,657.3,0.005034,657.3,0.007987,657.3,0.007053,657.3,0.156767
658,0.003803,658,0.000246,658,0.003086,658,0.000478,658,0.00011,658,0.004809,658,0.007436,658,0.006849,658,0.128719
658.8,0.003465,658.8,0.001296,658.8,0.003477,658.8,0.001132,658.8,0.000993,658.8,0.005382,658.8,0.007491,658.8,0.006858,658.8,0.107681
659.5,0.002555,659.5,0.001337,659.5,0.003691,659.5,0.001396,659.5,0.000513,659.5,0.004455,659.5,0.006414,659.5,0.00637,659.5,0.089724
660.3,0.002465,660.3,0.001025,660.3,0.003698,660.3,0.000784,660.3,-0.00015,660.3,0.004655,660.3,0.00563,660.3,0.005747,660.3,0.075813
661,0.002566,661,0.00038,661,0.003103,661,-0.0001,661,-0.00129,661,0.004289,661,0.004951,661,0.005034,661,0.063785
661.8,0.002432,661.8,-0.00031,661.8,0.002312,661.8,-0.00055,661.8,-0.0014,661.8,0.004236,661.8,0.004706,661.8,0.004281,661.8,0.054484
662.5,0.002439,662.5,-0.00015,662.5,0.002242,662.5,0.000416,662.5,-0.00087,662.5,0.004699,662.5,0.004405,662.5,0.00406,662.5,0.046878
663.3,0.002054,663.3,0.000306,663.3,0.002299,663.3,0.001057,663.3,0.000328,663.3,0.005183,663.3,0.003649,663.3,0.004026,663.3,0.040295
664,0.002673,664,0.00099,664,0.003222,664,0.001475,664,0.000656,664,0.005504,664,0.003552,664,0.00423,664,0.034827
664.8,0.002673,664.8,0.00142,664.8,0.003565,664.8,0.00164,664.8,0.001321,664.8,0.005248,664.8,0.003659,664.8,0.004826,664.8,0.030828
665.5,0.002365,665.5,0.000891,665.5,0.003542,665.5,0.00118,665.5,0.000612,665.5,0.004531,665.5,0.003942,665.5,0.003936,665.5,0.026902
666.2,0.001529,666.2,0.000634,666.2,0.002868,666.2,0.00063,666.2,0.000203,666.2,0.004153,666.2,0.003723,666.2,0.003976,666.2,0.023684
667,0.000994,667,-8.71E-05,667,0.002291,667,-0.00028,667,-0.00106,667,0.003946,667,0.003357,667,0.003091,667,0.020733
667.8,0.000994,667.8,0.000473,667.8,0.001527,667.8,-0.00072,667.8,-0.00124,667.8,0.00402,667.8,0.002464,667.8,0.003404,667.8,0.018374
668.5,0.00117,668.5,0.001178,668.5,0.001631,668.5,-0.00042,668.5,-0.0009,668.5,0.003965,668.5,0.00251,668.5,0.003024,668.5,0.01644
669.2,0.001215,669.2,0.001732,669.2,0.002034,669.2,0.000361,669.2,-5.03E-05,669.2,0.004165,669.2,0.002426,669.2,0.002805,669.2,0.015126
670,0.001473,670,0.001907,670,0.003197,670,0.001076,670,0.00109,670,0.004532,670,0.0034,670,0.002694,670,0.014713
670.7,0.001513,670.7,0.00132,670.7,0.002995,670.7,0.000974,670.7,0.000806,670.7,0.004925,670.7,0.002911,670.7,0.00246,670.7,0.0138
671.5,0.001559,671.5,0.00141,671.5,0.003036,671.5,0.001092,671.5,0.000371,671.5,0.005101,671.5,0.002903,671.5,0.00335,671.5,0.013031
672.2,0.001311,672.2,0.001103,672.2,0.002586,672.2,0.00117,672.2,-0.00036,672.2,0.005065,672.2,0.002019,672.2,0.003184,672.2,0.011511
672.9,0.00156,672.9,0.001122,672.9,0.003156,672.9,0.001608,672.9,0.000568,672.9,0.005167,672.9,0.002531,672.9,0.003447,672.9,0.010977
673.7,0.001859,673.7,0.001247,673.7,0.003475,673.7,0.001121,673.7,0.000762,673.7,0.005511,673.7,0.0032,673.7,0.003211,673.7,0.009909
674.4,0.001519,674.4,0.000949,674.4,0.003296,674.4,0.001063,674.4,0.001069,674.4,0.00543,674.4,0.003563,674.4,0.003054,674.4,0.009433
675.2,0.001463,675.2,0.000918,675.2,0.00286,675.2,0.000582,675.2,0.000593,675.2,0.005163,675.2,0.003178,675.2,0.002687,675.2,0.008787
675.9,0.001333,675.9,0.000907,675.9,0.002453,675.9,0.00097,675.9,0.001267,675.9,0.00478,675.9,0.002534,675.9,0.002042,675.9,0.008606
676.7,0.001899,676.7,0.001209,676.7,0.002285,676.7,0.000303,676.7,0.001102,676.7,0.004141,676.7,0.002069,676.7,0.002022,676.7,0.008073
677.4,0.000788,677.4,0.001009,677.4,0.001961,677.4,0.000343,677.4,0.000874,677.4,0.003947,677.4,0.001526,677.4,0.00153,677.4,0.007581
678.1,0.000873,678.1,0.000931,678.1,0.001695,678.1,0.000704,678.1,0.000259,678.1,0.003724,678.1,0.001535,678.1,0.001624,678.1,0.006778
678.9,-0.00017,678.9,0.000339,678.9,0.001712,678.9,0.001195,678.9,-0.00014,678.9,0.00379,678.9,0.00137,678.9,0.001593,678.9,0.006276
679.6,0.000943,679.6,0.000674,679.6,0.00197,679.6,0.001078,679.6,-0.00025,679.6,0.00394,679.6,0.001376,679.6,0.001713,679.6,0.005719
680.4,0.000135,680.4,-2.83E-05,680.4,0.001729,680.4,0.000407,680.4,-0.00022,680.4,0.003524,680.4,0.000818,680.4,0.001206,680.4,0.005525
681.1,0.000692,681.1,0.000696,681.1,0.001641,681.1,0.000172,681.1,4.95E-05,681.1,0.00347,681.1,0.00117,681.1,0.001406,681.1,0.005529
681.9,0.000103,681.9,0.000389,681.9,0.001231,681.9,0.000286,681.9,5.32E-05,681.9,0.003613,681.9,0.001643,681.9,0.001382,681.9,0.005269
682.6,0.000762,682.6,0.000933,682.6,0.001442,682.6,0.00036,682.6,0.000427,682.6,0.003706,682.6,0.001374,682.6,0.001479,682.6,0.005174
683.3,4.92E-05,683.3,0.000327,683.3,0.001501,683.3,-0.00014,683.3,6.13E-05,683.3,0.003642,683.3,0.00049,683.3,0.001069,683.3,0.00474
684.1,0.000221,684.1,0.000217,684.1,0.00145,684.1,-0.00064,684.1,0.000181,684.1,0.003431,684.1,-0.00013,684.1,0.000786,684.1,0.004612
684.8,-1.34E-05,684.8,0.000303,684.8,0.001711,684.8,-0.00093,684.8,5.98E-05,684.8,0.004121,684.8,0.000137,684.8,0.000887,684.8,0.004263
685.6,0.001017,685.6,0.000551,685.6,0.001627,685.6,1.01E-05,685.6,0.000457,685.6,0.004411,685.6,0.00085,685.6,0.001415,685.6,0.003855
686.3,0.001403,686.3,0.001256,686.3,0.00284,686.3,0.000542,686.3,0.001257,686.3,0.004406,686.3,0.001692,686.3,0.002409,686.3,0.004246
687.1,0.001157,687.1,0.001662,687.1,0.002943,687.1,0.000874,687.1,0.001775,687.1,0.004042,687.1,0.002065,687.1,0.002857,687.1,0.004668
687.8,0.00082,687.8,0.001463,687.8,0.003014,687.8,0.000989,687.8,0.001709,687.8,0.00445,687.8,0.002026,687.8,0.002345,687.8,0.004912
688.5,0.000338,688.5,0.001337,688.5,0.002069,688.5,0.000786,688.5,0.001064,688.5,0.004653,688.5,0.00124,688.5,0.00147,688.5,0.004248
689.3,0.000553,689.3,0.000447,689.3,0.001777,689.3,0.00012,689.3,0.000525,689.3,0.004698,689.3,0.001072,689.3,0.001602,689.3,0.003637
690,0.000799,690,0.001334,690,0.001891,690,-7.68E-05,690,0.000915,690,0.004967,690,0.000875,690,0.002154,690,0.004059
690.8,0.000624,690.8,0.00145,690.8,0.001564,690.8,-0.00024,690.8,0.001013,690.8,0.004664,690.8,0.000924,690.8,0.002133,690.8,0.003542
691.5,0.001213,691.5,0.002339,691.5,0.001305,691.5,0.001051,691.5,0.001247,691.5,0.004469,691.5,0.001156,691.5,0.001973,691.5,0.003457
692.3,0.00077,692.3,0.001713,692.3,0.000993,692.3,0.000914,692.3,0.001174,692.3,0.004119,692.3,0.001138,692.3,0.001116,692.3,0.002316
693,0.000775,693,0.000643,693,0.001217,693,0.000889,693,0.000405,693,0.004349,693,0.000944,693,0.0011,693,0.002931
693.7,0.000438,693.7,0.000606,693.7,0.001462,693.7,0.000349,693.7,-0.00042,693.7,0.004475,693.7,0.000341,693.7,0.0008,693.7,0.002218
694.5,0.00072,694.5,0.000534,694.5,0.001401,694.5,0.000439,694.5,-0.00018,694.5,0.003822,694.5,0.000758,694.5,0.001548,694.5,0.002683
695.2,0.000803,695.2,0.001039,695.2,0.001282,695.2,0.000549,695.2,-8.98E-05,695.2,0.003588,695.2,0.000646,695.2,0.001512,695.2,0.002235
696,0.000304,696,0.000192,696,0.000966,696,0.000126,696,-0.00014,696,0.0032,696,0.000579,696,0.000885,696,0.002597
696.7,0.000377,696.7,0.000173,696.7,0.001261,696.7,0.000282,696.7,-0.00076,696.7,0.003778,696.7,0.000392,696.7,0.000953,696.7,0.002337
697.5,-0.00029,697.5,-0.00018,697.5,0.000623,697.5,0.000309,697.5,-0.00059,697.5,0.003623,697.5,3.62E-05,697.5,0.000475,697.5,0.002313
698.2,3.33E-05,698.2,-7.11E-05,698.2,0.000688,698.2,0.000629,698.2,-0.00021,698.2,0.003937,698.2,0.000316,698.2,0.001402,698.2,0.00202
698.9,-0.00016,698.9,-1.60E-05,698.9,0.000907,698.9,0.001063,698.9,1.35E-05,698.9,0.003902,698.9,0.00047,698.9,0.001031,698.9,0.002388
699.7,0.000318,699.7,0.000397,699.7,0.001361,699.7,0.00083,699.7,0.000296,699.7,0.004067,699.7,0.001011,699.7,0.001476,699.7,0.002089
700.4,-0.00011,700.4,0.001184,700.4,0.001734,700.4,0.000741,700.4,0.000327,700.4,0.003609,700.4,0.001038,700.4,0.000859,700.4,0.001965
701.2,0.000279,701.2,0.001302,701.2,0.001428,701.2,0.000273,701.2,0.000513,701.2,0.003465,701.2,0.000297,701.2,0.000674,701.2,0.001729
701.9,0.000213,701.9,0.001946,701.9,0.001553,701.9,0.00114,701.9,0.000305,701.9,0.003232,701.9,0.000632,701.9,0.00101,701.9,0.001832
702.7,0.000568,702.7,0.001402,702.7,0.001427,702.7,0.000807,702.7,0.000157,702.7,0.003719,702.7,0.000138,702.7,0.00067,702.7,0.002289
703.4,0.000156,703.4,0.000787,703.4,0.001432,703.4,0.000551,703.4,-0.00021,703.4,0.003955,703.4,0.000477,703.4,0.000841,703.4,0.00234
704.1,0.000887,704.1,0.000768,704.1,0.001561,704.1,0.000598,704.1,0.000279,704.1,0.00423,704.1,0.000759,704.1,0.000871,704.1,0.002687
704.9,0.000539,704.9,0.000294,704.9,0.001481,704.9,0.001047,704.9,0.000435,704.9,0.003543,704.9,0.001055,704.9,0.001208,704.9,0.001768
705.6,-0.00011,705.6,0.001019,705.6,0.001425,705.6,0.001047,705.6,0.000639,705.6,0.003236,705.6,0.001001,705.6,0.000855,705.6,0.001778
706.4,-0.00068,706.4,0.000205,706.4,0.001168,706.4,0.000677,706.4,0.000645,706.4,0.003136,706.4,0.000684,706.4,0.00066,706.4,0.001401
707.1,-0.00011,707.1,0.000672,707.1,0.001401,707.1,0.000465,707.1,0.000808,707.1,0.003656,707.1,0.0009,707.1,0.000615,707.1,0.001825
707.9,0.000328,707.9,0.000646,707.9,0.001631,707.9,0.000798,707.9,0.000767,707.9,0.004358,707.9,0.001249,707.9,0.001586,707.9,0.002022
708.7,0.000518,708.7,0.000941,708.7,0.002072,708.7,0.000851,708.7,0.000707,708.7,0.004023,708.7,0.001515,708.7,0.002179,708.7,0.002117
709.5,-0.00057,709.5,0.001151,709.5,0.001995,709.5,0.000677,709.5,0.000139,709.5,0.003795,709.5,0.001173,709.5,0.002156,709.5,0.002032
710.2,-8.68E-05,710.2,0.001059,710.2,0.001763,710.2,0.000554,710.2,0.000426,710.2,0.003058,710.2,0.000716,710.2,0.001589,710.2,0.00185
711,0.000608,711,0.001275,711,0.001737,711,0.000624,711,0.000796,711,0.003183,711,0.000294,711,0.000998,711,0.001807
711.8,0.001827,711.8,0.001355,711.8,0.001178,711.8,0.000691,711.8,0.001467,711.8,0.003063,711.8,0.000552,711.8,0.00103,711.8,0.001558
712.6,0.001782,712.6,0.001373,712.6,0.001457,712.6,0.000743,712.6,0.001604,712.6,0.003117,712.6,0.001077,712.6,0.001105,712.6,0.001469
713.3,0.000997,713.3,0.001278,713.3,0.001642,713.3,0.000301,713.3,0.001029,713.3,0.002849,713.3,0.000967,713.3,0.001647,713.3,0.001739
714.1,0.000905,714.1,0.001301,714.1,0.002108,714.1,0.000693,714.1,0.001495,714.1,0.002781,714.1,0.000848,714.1,0.002118,714.1,0.002426
714.9,0.000835,714.9,0.000784,714.9,0.001986,714.9,0.000467,714.9,0.001194,714.9,0.00217,714.9,0.000365,714.9,0.001937,714.9,0.002291
715.6,0.001146,715.6,0.000933,715.6,0.001895,715.6,0.001179,715.6,0.001748,715.6,0.002287,715.6,0.000441,715.6,0.001329,715.6,0.002045
716.4,0.001137,716.4,0.001107,716.4,0.00203,716.4,0.000971,716.4,0.001199,716.4,0.002341,716.4,0.000649,716.4,0.001001,716.4,0.001719
717.2,0.000951,717.2,0.001155,717.2,0.001635,717.2,0.000838,717.2,0.000747,717.2,0.002475,717.2,0.000741,717.2,0.001055,717.2,0.001655
718,0.00025,718,0.001052,718,0.001531,718,0.000427,718,-9.70E-05,718,0.002414,718,0.000866,718,0.001092,718,0.000901
718.7,-0.00012,718.7,0.0004,718.7,0.001298,718.7,2.67E-05,718.7,-3.36E-05,718.7,0.002604,718.7,0.000835,718.7,0.000793,718.7,0.000667
719.5,-0.00081,719.5,0.000217,719.5,0.000856,719.5,6.24E-05,719.5,-0.00015,719.5,0.002487,719.5,0.000477,719.5,-3.50E-05,719.5,-3.28E-06
720.3,-0.00032,720.3,-0.00018,720.3,0.000356,720.3,0.0007,720.3,-5.64E-05,720.3,0.00244,720.3,-5.79E-05,720.3,0.000309,720.3,0.000818
721.1,-0.00037,721.1,-2.42E-05,721.1,0.000589,721.1,0.001749,721.1,0.000373,721.1,0.002625,721.1,0.00012,721.1,0.000336,721.1,0.001219
721.8,0.00034,721.8,0.000875,721.8,0.001173,721.8,0.002263,721.8,0.000979,721.8,0.003083,721.8,0.000534,721.8,0.001151,721.8,0.002448
722.6,-0.00039,722.6,0.000249,722.6,0.001145,722.6,0.000947,722.6,0.000642,722.6,0.002655,722.6,0.000313,722.6,0.000562,722.6,0.001482
723.4,-0.00014,723.4,0.000468,723.4,0.00084,723.4,0.000139,723.4,0.000378,723.4,0.002034,723.4,-0.0002,723.4,0.000345,723.4,0.001419
724.2,-0.00032,724.2,-0.00021,724.2,0.000627,724.2,-0.00046,724.2,0.000138,724.2,0.001732,724.2,-0.00048,724.2,0.000426,724.2,0.000743
724.9,0.000104,724.9,0.00049,724.9,0.001337,724.9,0.000345,724.9,0.000906,724.9,0.001945,724.9,-0.00022,724.9,0.000679,724.9,0.001834
725.7,-0.00031,725.7,0.000141,725.7,0.001106,725.7,-8.83E-06,725.7,2.22E-05,725.7,0.001776,725.7,-0.00049,725.7,0.000971,725.7,0.001308
726.5,0.00029,726.5,0.00067,726.5,0.0017,726.5,0.00051,726.5,0.000748,726.5,0.002212,726.5,0.000443,726.5,0.001357,726.5,0.001881
727.3,0.000339,727.3,4.57E-05,727.3,0.000935,727.3,0.000143,727.3,0.000366,727.3,0.002115,727.3,0.000462,727.3,0.001235,727.3,0.001257
728,0.000716,728,0.000385,728,0.001442,728,0.000477,728,0.001294,728,0.002029,728,0.000913,728,0.001336,728,0.001333
728.8,0.000112,728.8,-0.00024,728.8,0.000723,728.8,-0.00016,728.8,0.000658,728.8,0.001348,728.8,0.000149,728.8,0.001141,728.8,0.000804
729.6,0.000963,729.6,0.001046,729.6,0.000939,729.6,0.000251,729.6,0.001168,729.6,0.001337,729.6,0.000464,729.6,0.001657,729.6,0.00082
730.4,0.000692,730.4,0.000689,730.4,0.000496,730.4,0.000193,730.4,-0.00017,730.4,0.000988,730.4,0.000289,730.4,0.001448,730.4,0.000859
731.1,0.000515,731.1,0.000444,731.1,0.000409,731.1,0.000307,731.1,-0.00085,731.1,0.000936,731.1,3.10E-05,731.1,0.000768,731.1,0.000382
731.9,-0.00017,731.9,-0.00058,731.9,0.00049,731.9,-9.09E-05,731.9,-0.00142,731.9,0.000824,731.9,0.000224,731.9,0.000425,731.9,0.001191
732.7,0.00042,732.7,-0.00027,732.7,0.000726,732.7,-0.00011,732.7,-3.83E-05,732.7,0.001701,732.7,0.000607,732.7,0.000908,732.7,0.001814
733.4,0.000558,733.4,0.000338,733.4,0.000923,733.4,0.000415,733.4,0.00054,733.4,0.002349,733.4,0.001329,733.4,0.001817,733.4,0.002173
734.2,0.000219,734.2,0.001008,734.2,0.000773,734.2,0.000379,734.2,0.000232,734.2,0.002627,734.2,0.001044,734.2,0.001811,734.2,0.001313
735,-0.00019,735,0.001192,735,0.001084,735,0.000747,735,0.000409,735,0.002856,735,0.00075,735,0.00161,735,0.001429
735.8,0.000226,735.8,0.001218,735.8,0.001184,735.8,0.000251,735.8,0.000513,735.8,0.002091,735.8,0.000135,735.8,0.000864,735.8,0.001247
736.5,0.000624,736.5,0.000546,736.5,0.001299,736.5,0.001091,736.5,0.0006,736.5,0.001798,736.5,0.000428,736.5,0.000496,736.5,0.00143
737.3,0.000589,737.3,4.10E-05,737.3,0.000856,737.3,0.000968,737.3,-0.00033,737.3,0.001092,737.3,9.49E-05,737.3,9.89E-05,737.3,0.000866
738.1,-0.0001,738.1,-0.00048,738.1,0.000275,738.1,0.000507,738.1,-0.00094,738.1,0.000503,738.1,-0.00024,738.1,-0.00078,738.1,0.000591
738.9,-0.00049,738.9,0.000307,738.9,0.000424,738.9,-2.74E-05,738.9,-0.00048,738.9,0.001017,738.9,-0.00016,738.9,-0.00053,738.9,0.000731
739.6,-0.00036,739.6,0.000497,739.6,0.000544,739.6,0.000152,739.6,-0.00031,739.6,0.000849,739.6,0.000321,739.6,-0.00015,739.6,0.000915
740.4,0.000343,740.4,0.001114,740.4,0.00112,740.4,0.000957,740.4,0.000788,740.4,0.001509,740.4,0.000823,740.4,0.00113,740.4,0.001049
741.2,0.000728,741.2,0.000531,741.2,0.001262,741.2,0.000726,741.2,0.000834,741.2,0.000973,741.2,0.00019,741.2,0.001374,741.2,0.000881
742,0.000935,742,0.001062,742,0.001193,742,0.000535,742,0.000905,742,0.001277,742,9.79E-05,742,0.001316,742,0.000934
742.7,0.00093,742.7,0.00109,742.7,0.00128,742.7,0.000608,742.7,0.000498,742.7,0.000914,742.7,0.000404,742.7,0.001075,742.7,0.001144
743.5,0.000937,743.5,0.001293,743.5,0.001552,743.5,0.000855,743.5,0.000702,743.5,0.001222,743.5,0.000912,743.5,0.001366,743.5,0.00088
744.3,0.001096,744.3,0.000823,744.3,0.001865,744.3,0.001168,744.3,0.001183,744.3,0.001722,744.3,0.001349,744.3,0.001602,744.3,0.000923
745.1,0.000127,745.1,4.47E-05,745.1,0.000958,745.1,0.000368,745.1,0.000426,745.1,0.000842,745.1,0.000622,745.1,0.000766,745.1,0.000434
745.8,-0.00025,745.8,-0.00021,745.8,0.000364,745.8,0.000233,745.8,-1.83E-05,745.8,0.000694,745.8,0.00019,745.8,0.000338,745.8,0.000514
746.6,-0.00036,746.6,0.00022,746.6,0.000272,746.6,-1.00E-04,746.6,-0.00038,746.6,-2.82E-05,746.6,-0.0003,746.6,-5.18E-05,746.6,0.000721
747.4,-0.00011,747.4,0.000838,747.4,0.000985,747.4,2.52E-05,747.4,0.000252,747.4,0.001137,747.4,0.000161,747.4,0.000401,747.4,0.001505
748.1,0.000338,748.1,0.001237,748.1,0.000507,748.1,8.38E-06,748.1,0.000207,748.1,0.000904,748.1,0.000134,748.1,0.000482,748.1,0.001912
748.9,0.000202,748.9,0.000995,748.9,0.00057,748.9,0.000739,748.9,0.000689,748.9,0.001519,748.9,0.000223,748.9,0.000883,748.9,0.001913
749.7,0.000808,749.7,0.00085,749.7,0.000738,749.7,0.00118,749.7,0.000306,749.7,0.001271,749.7,4.60E-05,749.7,0.001118,749.7,0.00163
750.5,0.000574,750.5,0.000655,750.5,0.000948,750.5,0.001206,750.5,0.000203,750.5,0.001797,750.5,0.000326,750.5,0.001695,750.5,0.001669
751.2,0.000538,751.2,0.000295,751.2,0.000605,751.2,0.000321,751.2,-6.56E-05,751.2,0.001451,751.2,0.000162,751.2,0.001368,751.2,0.001168
752,0.00011,752,9.37E-05,752,0.000285,752,0.000108,752,0.000145,752,0.001292,752,0.000166,752,0.001689,752,0.001234
752.8,0.000105,752.8,-4.59E-05,752.8,0.000879,752.8,-0.00036,752.8,0.000486,752.8,0.000565,752.8,-0.00031,752.8,0.000903,752.8,0.000724
753.6,-0.00047,753.6,-0.00027,753.6,0.00082,753.6,3.86E-06,753.6,-0.00027,753.6,0.000127,753.6,-0.00061,753.6,0.000638,753.6,0.000983
754.3,-0.00025,754.3,1.00E-05,754.3,0.000886,754.3,0.000201,754.3,-0.00051,754.3,0.000256,754.3,-0.00117,754.3,0.00014,754.3,0.000531
755.1,-0.00101,755.1,-0.00042,755.1,-0.00016,755.1,7.69E-05,755.1,-0.00127,755.1,-0.00024,755.1,-0.00145,755.1,-0.0002,755.1,0.000371
755.9,-0.00061,755.9,9.68E-05,755.9,0.00013,755.9,0.000158,755.9,-0.00053,755.9,0.000276,755.9,-0.00057,755.9,0.000222,755.9,0.000278
756.7,-0.00043,756.7,0.000139,756.7,9.85E-05,756.7,0.000134,756.7,0.000128,756.7,0.000557,756.7,4.61E-05,756.7,0.000878,756.7,0.000116
757.4,0.001022,757.4,0.000824,757.4,0.000948,757.4,0.001041,757.4,0.000703,757.4,0.001503,757.4,0.001587,757.4,0.001921,757.4,0.001097
758.2,0.001233,758.2,0.000487,758.2,0.000888,758.2,0.000953,758.2,0.000942,758.2,0.001641,758.2,0.001431,758.2,0.002254,758.2,0.001072
759,0.001521,759,0.000386,759,0.001181,759,0.001514,759,0.000437,759,0.001741,759,0.001302,759,0.001952,759,0.001596
759.8,0.000978,759.8,5.60E-05,759.8,0.001253,759.8,0.001214,759.8,0.000112,759.8,0.001941,759.8,0.000513,759.8,0.001692,759.8,0.000865
760.5,0.001046,760.5,0.00038,760.5,0.001503,760.5,0.001454,760.5,9.23E-05,760.5,0.001827,760.5,0.000102,760.5,0.00104,760.5,0.000686
761.3,0.000837,761.3,0.000887,761.3,0.001586,761.3,0.000985,761.3,7.33E-05,761.3,0.00149,761.3,0.000129,761.3,0.00071,761.3,0.001057
762.1,0.000743,762.1,0.001067,762.1,0.00158,762.1,0.000834,762.1,0.000473,762.1,0.001372,762.1,0.000145,762.1,0.000435,762.1,0.00115
762.9,0.0002,762.9,0.000504,762.9,0.000846,762.9,0.000281,762.9,-4.87E-05,762.9,0.000508,762.9,-0.00036,762.9,0.000798,762.9,0.00069
763.6,0.000453,763.6,-0.00026,763.6,0.000848,763.6,0.000578,763.6,0.000383,763.6,0.001014,763.6,-0.00015,763.6,0.00124,763.6,0.00039
764.4,0.000665,764.4,-0.0002,764.4,0.000235,764.4,0.001121,764.4,0.000783,764.4,0.000944,764.4,-0.00022,764.4,0.001391,764.4,0.000544
765.2,0.001175,765.2,0.000888,765.2,0.001026,765.2,0.001623,765.2,0.000882,765.2,0.001935,765.2,0.000531,765.2,0.002013,765.2,0.001725
765.9,0.000623,765.9,0.000969,765.9,0.000892,765.9,0.001203,765.9,0.000748,765.9,0.002201,765.9,0.000706,765.9,0.001928,765.9,0.001886
766.7,0.000474,766.7,0.000856,766.7,0.000969,766.7,0.000906,766.7,0.000301,766.7,0.001576,766.7,7.31E-05,766.7,0.001518,766.7,0.001782
767.5,-0.00027,767.5,0.000134,767.5,0.000444,767.5,0.000545,767.5,0.00035,767.5,0.001226,767.5,-0.00042,767.5,0.000383,767.5,0.000973
768.3,-8.86E-05,768.3,0.000469,768.3,0.00038,768.3,0.000535,768.3,0.000376,768.3,0.000978,768.3,-0.00057,768.3,7.50E-05,768.3,0.000921
769,0.000427,769,0.000838,769,0.000612,769,0.000162,769,0.000317,769,0.001814,769,3.96E-05,769,0.000346,769,0.000686
769.8,0.001338,769.8,0.000779,769.8,0.000721,769.8,0.00039,769.8,0.000632,769.8,0.002043,769.8,0.000361,769.8,0.000624,769.8,0.000695
770.6,0.001165,770.6,0.000841,770.6,0.001298,770.6,0.0009,770.6,0.000747,770.6,0.002236,770.6,0.000447,770.6,0.000957,770.6,0.000845
771.4,0.000111,771.4,0.000923,771.4,0.001119,771.4,0.000872,771.4,0.001148,771.4,0.001866,771.4,0.00053,771.4,0.000933,771.4,0.000968
772.1,-0.0001,772.1,0.000987,772.1,0.001283,772.1,0.001018,772.1,0.001007,772.1,0.00205,772.1,0.000821,772.1,0.001131,772.1,0.001063
772.9,5.65E-05,772.9,0.000743,772.9,0.000818,772.9,0.000706,772.9,0.001014,772.9,0.002319,772.9,0.000388,772.9,0.001367,772.9,0.00053
773.7,0.000564,773.7,0.000305,773.7,0.001025,773.7,0.001314,773.7,0.001104,773.7,0.00292,773.7,0.001037,773.7,0.001333,773.7,0.00069
774.5,0.000994,774.5,0.000632,774.5,0.001455,774.5,0.001122,774.5,0.001222,774.5,0.003298,774.5,0.001561,774.5,0.00192,774.5,0.001603
775.2,0.000983,775.2,0.000556,775.2,0.000896,775.2,0.000664,775.2,0.000498,775.2,0.002549,775.2,0.001587,775.2,0.001203,775.2,0.001782
776,0.00071,776,0.000489,776,0.001003,776,-3.51E-05,776,0.000287,776,0.002553,776,0.000848,776,0.000976,776,0.001473
776.8,0.000559,776.8,0.000453,776.8,0.001023,776.8,0.000199,776.8,-0.00019,776.8,0.002505,776.8,0.000368,776.8,0.000588,776.8,0.00039
777.6,0.000599,777.6,0.000124,777.6,0.001103,777.6,-0.00015,777.6,-0.00036,777.6,0.002251,777.6,0.000765,777.6,0.000659,777.6,-8.27E-05
778.3,0.000774,778.3,0.000501,778.3,0.00128,778.3,0.000514,778.3,-0.00031,778.3,0.002442,778.3,0.001037,778.3,0.001051,778.3,0.000461
779.1,0.0003,779.1,0.000355,779.1,7.50E-05,779.1,-0.00013,779.1,-0.00037,779.1,0.002184,779.1,0.000561,779.1,0.000664,779.1,0.000813
779.9,0.000204,779.9,0.000846,779.9,0.000713,779.9,0.000588,779.9,0.000466,779.9,0.003095,779.9,0.000157,779.9,0.000987,779.9,0.000882
780.6,0.000123,780.6,0.000511,780.6,-0.00011,780.6,0.000346,780.6,0.00014,780.6,0.002507,780.6,-0.00035,780.6,0.00012,780.6,0.000137
781.4,0.000104,781.4,0.000364,781.4,0.000238,781.4,0.000489,781.4,0.000509,781.4,0.002289,781.4,-6.11E-05,781.4,0.000576,781.4,-6.50E-05
782.2,-4.51E-05,782.2,0.000469,782.2,-0.0004,782.2,0.000629,782.2,0.000526,782.2,0.002017,782.2,0.00039,782.2,0.000573,782.2,0.00047
783,-4.36E-05,783,0.000815,783,0.000396,783,0.000741,783,0.000286,783,0.002271,783,0.00084,783,0.001325,783,0.000996
783.7,-0.00017,783.7,0.000803,783.7,0.00052,783.7,0.001008,783.7,0.00049,783.7,0.002449,783.7,0.000579,783.7,0.000552,783.7,0.001033
784.5,-0.00019,784.5,0.000637,784.5,0.000287,784.5,0.000486,784.5,6.09E-05,784.5,0.002015,784.5,0.000495,784.5,0.000107,784.5,0.000546
785.3,0.000336,785.3,0.001083,785.3,7.94E-05,785.3,0.000677,785.3,0.001014,785.3,0.00257,785.3,0.000403,785.3,0.000384,785.3,0.001114
786.1,-0.00028,786.1,0.00067,786.1,-0.00014,786.1,0.000387,786.1,1.38E-05,786.1,0.002472,786.1,0.000309,786.1,0.000462,786.1,0.000896
786.8,0.0002,786.8,0.000707,786.8,0.000922,786.8,0.000786,786.8,0.000589,786.8,0.003548,786.8,0.000457,786.8,0.001266,786.8,0.001468
787.6,-0.00021,787.6,7.05E-05,787.6,0.000944,787.6,0.000308,787.6,0.000219,787.6,0.003145,787.6,0.000427,787.6,0.00111,787.6,0.001506
788.4,0.000728,788.4,0.000614,788.4,0.001121,788.4,0.000401,788.4,0.000925,788.4,0.003543,788.4,0.000791,788.4,0.001609,788.4,0.001844
789.2,3.67E-05,789.2,0.000319,789.2,0.000256,789.2,0.000275,789.2,0.000159,789.2,0.002765,789.2,-0.00012,789.2,0.000749,789.2,0.000753
789.9,0.000781,789.9,0.000652,789.9,0.00068,789.9,0.000384,789.9,-0.00012,789.9,0.002969,789.9,0.000519,789.9,0.000885,789.9,0.000502
790.7,0.000218,790.7,0.000369,790.7,0.001095,790.7,0.00025,790.7,-0.00017,790.7,0.00279,790.7,0.000468,790.7,0.001682,790.7,0.000511
791.5,0.000619,791.5,0.000733,791.5,0.001513,791.5,0.000777,791.5,0.00034,791.5,0.003593,791.5,0.000866,791.5,0.002095,791.5,0.001888
792.3,-0.00041,792.3,0.000117,792.3,0.001183,792.3,0.00093,792.3,-1.23E-05,792.3,0.003768,792.3,-0.00039,792.3,0.002034,792.3,0.001788
793,-0.0004,793,-0.00011,793,0.000959,793,0.001228,793,1.03E-05,793,0.004083,793,-0.00046,793,0.000856,793,0.001415
793.8,-0.00037,793.8,-5.82E-05,793.8,0.000378,793.8,0.000523,793.8,-0.00011,793.8,0.003169,793.8,-0.0008,793.8,0.000704,793.8,0.000653
794.6,0.00021,794.6,0.000332,794.6,0.000299,794.6,0.000476,794.6,0.00079,794.6,0.003549,794.6,0.000197,794.6,0.000577,794.6,1.69E-05
795.4,0.000288,795.4,0.000661,795.4,-7.19E-05,795.4,0.000155,795.4,0.000851,795.4,0.002637,795.4,-0.00018,795.4,0.000479,795.4,0.000172
796.1,0.000405,796.1,0.000651,796.1,0.000281,796.1,0.000162,796.1,0.000991,796.1,0.002919,796.1,0.000651,796.1,0.000764,796.1,0.000119
796.9,0.000492,796.9,0.00065,796.9,0.000187,796.9,0.000307,796.9,0.00035,796.9,0.002584,796.9,0.000641,796.9,0.000708,796.9,0.000472
797.7,0.001087,797.7,0.000764,797.7,0.000506,797.7,0.000599,797.7,0.000605,797.7,0.003389,797.7,0.001297,797.7,0.001358,797.7,0.000553
798.4,0.000807,798.4,0.000415,798.4,0.000282,798.4,0.000718,798.4,0.000488,798.4,0.003266,798.4,0.000898,798.4,0.000745,798.4,9.91E-05
799.2,0.000349,799.2,0.000806,799.2,0.000948,799.2,0.000853,799.2,0.000474,799.2,0.003283,799.2,0.000596,799.2,0.000785,799.2,0.000612
800,0.000643,800,0.001247,800,0.000748,800,0.000613,800,-0.00013,800,0.00367,800,0.000358,800,0.000781,800,0.000503
800.8,0.001063,800.8,0.001753,800.8,0.001579,800.8,0.000711,800.8,0.000149,800.8,0.003831,800.8,0.001111,800.8,0.001892,800.8,0.001367
801.5,0.001583,801.5,0.001562,801.5,0.001505,801.5,0.000556,801.5,0.001023,801.5,0.00337,801.5,0.000723,801.5,0.001652,801.5,0.000797
802.3,0.000984,802.3,0.000782,802.3,0.001719,802.3,0.001329,802.3,0.001458,802.3,0.002611,802.3,0.000686,802.3,0.001314,802.3,0.001041
803.1,0.000365,803.1,0.000272,803.1,0.001366,803.1,0.001226,803.1,0.001405,803.1,0.002523,803.1,-0.0004,803.1,0.000645,803.1,0.000638
803.9,0.00029,803.9,0.000456,803.9,0.000788,803.9,0.001212,803.9,0.000795,803.9,0.002967,803.9,-0.00033,803.9,0.000982,803.9,0.000697
804.6,0.000751,804.6,0.000763,804.6,0.000599,804.6,0.000609,804.6,0.000825,804.6,0.002774,804.6,-0.00061,804.6,0.00091,804.6,0.00065
805.4,0.000731,805.4,0.001262,805.4,0.000595,805.4,0.000524,805.4,0.000554,805.4,0.002837,805.4,-0.00022,805.4,0.000825,805.4,0.000828
806.2,0.000546,806.2,0.000958,806.2,0.000639,806.2,7.51E-05,806.2,0.000568,806.2,0.00259,806.2,0.00018,806.2,0.001387,806.2,0.000683
807,0.000373,807,0.000688,807,0.000699,807,-0.00035,807,0.000235,807,0.002299,807,0.000161,807,0.001094,807,0.000205
807.7,0.00027,807.7,0.000229,807.7,0.000442,807.7,-0.00041,807.7,0.000176,807.7,0.002042,807.7,-8.71E-07,807.7,0.001677,807.7,0.000179
808.5,0.000227,808.5,0.000327,808.5,0.000294,808.5,-9.36E-05,808.5,-0.00026,808.5,0.002319,808.5,0.000115,808.5,0.001197,808.5,0.000497
809.3,-2.44E-05,809.3,0.001031,809.3,0.000307,809.3,0.000549,809.3,-0.00015,809.3,0.002698,809.3,0.00079,809.3,0.001105,809.3,0.000899
810.1,0.000196,810.1,0.001622,810.1,0.000956,810.1,0.001014,810.1,8.26E-05,810.1,0.003717,810.1,0.001478,810.1,0.001039,810.1,0.001776
810.8,-0.00013,810.8,0.000876,810.8,0.000791,810.8,0.000635,810.8,0.000241,810.8,0.002741,810.8,0.000541,810.8,8.66E-05,810.8,0.000723
811.6,-7.39E-05,811.6,0.000675,811.6,0.001405,811.6,0.000212,811.6,0.000212,811.6,0.002996,811.6,0.000491,811.6,0.00086,811.6,0.000822
812.4,-2.33E-05,812.4,0.000202,812.4,0.000692,812.4,-0.0001,812.4,-0.00039,812.4,0.001945,812.4,7.95E-06,812.4,0.00031,812.4,-8.72E-05
813.1,9.80E-06,813.1,-6.44E-05,813.1,0.001566,813.1,-1.08E-05,813.1,-0.00022,813.1,0.002304,813.1,0.00091,813.1,0.000856,813.1,0.000447
813.9,-3.71E-05,813.9,-0.00035,813.9,0.001151,813.9,-0.00024,813.9,-0.00039,813.9,0.002091,813.9,0.000659,813.9,0.000249,813.9,-0.00012
814.7,7.87E-05,814.7,-0.00074,814.7,0.001386,814.7,0.00034,814.7,-3.92E-05,814.7,0.001596,814.7,0.000292,814.7,4.64E-06,814.7,3.80E-05
815.5,0.000285,815.5,-2.76E-05,815.5,0.001044,815.5,0.001005,815.5,4.67E-05,815.5,0.001932,815.5,0.0001,815.5,0.000389,815.5,0.000475
816.2,2.36E-05,816.2,-0.0002,816.2,0.000908,816.2,0.001296,816.2,0.000282,816.2,0.002068,816.2,-0.00028,816.2,0.00118,816.2,0.000358
817,0.000274,817,0.000947,817,0.001442,817,0.001972,817,0.001021,817,0.003324,817,0.000895,817,0.001695,817,0.000828
817.8,0.000494,817.8,0.000959,817.8,0.00142,817.8,0.001431,817.8,0.000528,817.8,0.002723,817.8,0.001142,817.8,0.00112,817.8,0.000592
818.6,0.000889,818.6,0.001228,818.6,0.001398,818.6,0.001739,818.6,0.000455,818.6,0.002801,818.6,0.001752,818.6,0.000661,818.6,0.00129
819.3,0.000576,819.3,0.000595,819.3,0.000858,819.3,0.000823,819.3,-0.00083,819.3,0.002422,819.3,0.001234,819.3,0.000598,819.3,0.000679
820.1,-0.00012,820.1,0.000174,820.1,0.000266,820.1,0.000853,820.1,-0.00081,820.1,0.002559,820.1,0.000887,820.1,0.000492,820.1,0.000215
820.9,-0.0001,820.9,0.000149,820.9,0.001106,820.9,0.001085,820.9,-0.00048,820.9,0.002504,820.9,0.001037,820.9,0.000664,820.9,0.000494
821.7,-0.00034,821.7,-7.30E-05,821.7,0.001521,821.7,0.00137,821.7,0.00032,821.7,0.00225,821.7,0.001004,821.7,0.000786,821.7,0.000772
822.4,0.000386,822.4,-0.00022,822.4,0.001501,822.4,0.001165,822.4,0.00068,822.4,0.002217,822.4,0.00088,822.4,0.001056,822.4,0.001061
823.2,0.00016,823.2,-0.00082,823.2,0.000652,823.2,0.000616,823.2,-4.15E-05,823.2,0.001589,823.2,0.000658,823.2,0.000421,823.2,0.001268
824,0.00049,824,-0.00155,824,4.82E-05,824,-6.65E-05,824,-0.00047,824,0.001162,824,0.000111,824,0.000114,824,0.001129
824.8,6.79E-06,824.8,-0.0012,824.8,3.55E-05,824.8,-0.00059,824.8,-0.001,824.8,0.000826,824.8,-7.55E-06,824.8,-0.00027,824.8,0.000789
825.5,-0.00015,825.5,-0.00079,825.5,1.61E-07,825.5,-0.00086,825.5,-0.00071,825.5,0.001148,825.5,-0.00023,825.5,0.00019,825.5,7.81E-05
826.3,2.10E-05,826.3,-3.52E-05,826.3,0.00051,826.3,-0.00077,826.3,-0.00043,826.3,0.001879,826.3,0.00021,826.3,0.000476,826.3,0.000345
827.1,6.21E-05,827.1,0.000209,827.1,0.000903,827.1,-0.00062,827.1,0.00018,827.1,0.001983,827.1,-7.79E-05,827.1,0.000968,827.1,0.001089
827.8,6.73E-05,827.8,-1.56E-05,827.8,0.000866,827.8,-0.00057,827.8,-8.59E-05,827.8,0.00155,827.8,-0.00026,827.8,0.000571,827.8,0.00069
828.6,0.000628,828.6,0.000539,828.6,0.000811,828.6,9.01E-05,828.6,0.000558,828.6,0.002087,828.6,8.17E-05,828.6,0.001335,828.6,0.000803
829.4,5.07E-05,829.4,0.000348,829.4,0.000782,829.4,0.000221,829.4,8.69E-05,829.4,0.002092,829.4,0.000523,829.4,0.000904,829.4,0.000207
830.2,0.000595,830.2,0.000889,830.2,0.000833,830.2,0.0004,830.2,0.00085,830.2,0.00251,830.2,0.000691,830.2,0.001416,830.2,0.000835
830.9,-0.00042,830.9,0.00052,830.9,0.000227,830.9,-0.00048,830.9,0.000155,830.9,0.00157,830.9,-0.00011,830.9,4.17E-05,830.9,-0.00024
831.7,0.00055,831.7,0.001117,831.7,0.000119,831.7,0.000102,831.7,0.000656,831.7,0.002035,831.7,2.22E-05,831.7,0.00057,831.7,0.000275
832.6,0.000435,832.6,0.000949,832.6,3.91E-05,832.6,0.000728,832.6,0.000188,832.6,0.002072,832.6,-9.77E-05,832.6,0.000697,832.6,0.000546
833.4,0.000651,833.4,0.000587,833.4,0.000696,833.4,0.000794,833.4,0.000233,833.4,0.001844,833.4,0.000178,833.4,0.001041,833.4,0.001241
834.3,0.000284,834.3,4.44E-05,834.3,0.001152,834.3,0.000552,834.3,0.000287,834.3,0.001219,834.3,0.000153,834.3,0.00118,834.3,0.001269
835.1,-5.86E-05,835.1,-0.00023,835.1,0.001014,835.1,0.000497,835.1,0.000536,835.1,0.000837,835.1,0.000135,835.1,0.000907,835.1,0.000789
836,-8.14E-05,836,0.000134,836,0.000628,836,0.000967,836,0.000475,836,0.00083,836,-0.00051,836,0.001312,836,0.000918
836.8,4.21E-06,836.8,0.000124,836.8,0.000467,836.8,0.000663,836.8,0.000345,836.8,0.001088,836.8,3.46E-05,836.8,0.000874,836.8,0.001113
837.7,-4.63E-05,837.7,0.000442,837.7,0.000302,837.7,-0.00014,837.7,0.000465,837.7,0.00122,837.7,-0.00021,837.7,0.000753,837.7,0.001252
838.5,0.000339,838.5,0.000684,838.5,0.000766,838.5,-0.00034,838.5,0.000617,838.5,0.001476,838.5,0.000786,838.5,0.000614,838.5,0.000997
839.4,0.000519,839.4,0.000151,839.4,0.000703,839.4,-9.62E-05,839.4,0.000266,839.4,0.001335,839.4,0.000308,839.4,0.000996,839.4,0.000205
840.2,0.0008,840.2,0.000203,840.2,0.000952,840.2,0.000199,840.2,0.000104,840.2,0.000945,840.2,0.000867,840.2,0.000982,840.2,-0.00044
841.1,0.000592,841.1,-0.00027,841.1,-7.41E-05,841.1,-0.00049,841.1,-8.63E-05,841.1,7.75E-05,841.1,0.000346,841.1,0.000293,841.1,-0.00082
841.9,0.000864,841.9,0.000437,841.9,0.000145,841.9,0.000215,841.9,0.000416,841.9,0.000352,841.9,0.000266,841.9,0.000149,841.9,-0.00043
842.8,0.000899,842.8,0.000284,842.8,0.000375,842.8,1.01E-05,842.8,-0.00018,842.8,0.000316,842.8,-9.13E-05,842.8,5.05E-05,842.8,-0.00035
843.6,0.000975,843.6,1.15E-05,843.6,0.001277,843.6,0.000796,843.6,-0.00022,843.6,0.000957,843.6,4.47E-05,843.6,4.88E-05,843.6,0.000105
844.5,0.000757,844.5,-0.00022,844.5,0.001154,844.5,-6.89E-05,844.5,-0.00017,844.5,0.000912,844.5,-0.00014,844.5,0.000129,844.5,0.000191
845.3,0.000654,845.3,-0.00054,845.3,0.000438,845.3,0.000146,845.3,-0.00053,845.3,0.000626,845.3,-0.00047,845.3,-0.00017,845.3,0.00018
846.2,0.00029,846.2,-3.82E-05,846.2,0.000789,846.2,0.000122,846.2,4.73E-05,846.2,0.00083,846.2,-0.00036,846.2,0.000457,846.2,0.000724
847,0.000247,847,0.000117,847,0.000674,847,0.000186,847,-0.00024,847,0.000576,847,-0.00012,847,0.00024,847,0.000473
847.9,0.000153,847.9,0.000468,847.9,0.0008,847.9,-0.0001,847.9,0.000368,847.9,0.000868,847.9,-7.06E-05,847.9,0.000808,847.9,0.000645
848.7,0.000784,848.7,0.000418,848.7,0.000463,848.7,-0.00049,848.7,-0.00012,848.7,0.00071,848.7,3.68E-05,848.7,0.000214,848.7,0.000289
849.6,0.000517,849.6,0.000262,849.6,-0.00013,849.6,-0.00026,849.6,-0.00065,849.6,0.000245,849.6,-0.00028,849.6,9.87E-05,849.6,-9.86E-05
850.4,0.000661,850.4,-0.00029,850.4,-0.00032,850.4,-0.00018,850.4,-0.00102,850.4,6.35E-05,850.4,-0.00042,850.4,-0.00015,850.4,1.02E-06
851.3,0.000544,851.3,0.000206,851.3,-0.00054,851.3,0.000529,851.3,-0.00048,851.3,0.000112,851.3,-0.00109,851.3,0.00026,851.3,-1.06E-05
852.1,0.000807,852.1,0.000221,852.1,0.000345,852.1,0.000339,852.1,0.000299,852.1,0.000488,852.1,-0.00066,852.1,0.000874,852.1,0.000656
853,0.001073,853,0.001142,853,0.001672,853,0.000868,853,0.001074,853,0.001007,853,-0.00024,853,0.001288,853,0.000918
853.8,0.000562,853.8,0.000369,853.8,0.001829,853.8,0.000204,853.8,8.93E-05,853.8,0.000581,853.8,0.000214,853.8,0.001243,853.8,0.000693
854.7,0.000387,854.7,0.000479,854.7,0.001147,854.7,0.000473,854.7,-0.00017,854.7,0.000331,854.7,0.000101,854.7,0.000749,854.7,0.000737
855.5,0.000291,855.5,0.000456,855.5,0.000719,855.5,0.000709,855.5,7.53E-05,855.5,0.00034,855.5,0.000537,855.5,0.000951,855.5,0.001502
856.4,0.000296,856.4,0.000919,856.4,0.000856,856.4,0.000925,856.4,0.000629,856.4,0.000596,856.4,0.000836,856.4,0.001527,856.4,0.001297
857.2,0.000521,857.2,0.00141,857.2,0.001489,857.2,0.001047,857.2,0.000747,857.2,0.000521,857.2,0.000589,857.2,0.001509,857.2,0.001579
858.1,0.000563,858.1,0.001141,858.1,0.001052,858.1,0.000782,858.1,0.000307,858.1,0.000453,858.1,0.000603,858.1,0.001531,858.1,0.001025
858.9,0.001212,858.9,0.00118,858.9,0.000302,858.9,0.000654,858.9,0.000811,858.9,0.000401,858.9,0.000512,858.9,0.000845,858.9,0.001185
859.8,0.001665,859.8,0.000868,859.8,-0.00015,859.8,0.000715,859.8,0.001271,859.8,0.00107,859.8,0.000842,859.8,0.001534,859.8,0.001479
860.6,0.001915,860.6,0.000978,860.6,0.000519,860.6,0.000191,860.6,0.001465,860.6,0.001312,860.6,0.000399,860.6,0.001223,860.6,0.001588
861.5,0.001523,861.5,0.000523,861.5,0.000897,861.5,0.001026,861.5,0.002184,861.5,0.001565,861.5,0.000271,861.5,0.001564,861.5,0.002057
862.3,0.000663,862.3,9.11E-05,862.3,0.000917,862.3,0.000969,862.3,0.001968,862.3,0.001262,862.3,0.000234,862.3,0.001,862.3,0.001212
863.2,-2.18E-05,863.2,-0.00045,863.2,7.74E-05,863.2,0.001474,863.2,0.001608,863.2,0.000777,863.2,0.000241,863.2,0.000272,863.2,0.000458
864,-1.82E-05,864,-0.00025,864,0.000362,864,0.000988,864,0.000259,864,0.000835,864,2.09E-05,864,0.000171,864,-0.00027
864.9,0.000521,864.9,0.000219,864.9,0.000827,864.9,0.001222,864.9,0.000317,864.9,0.001117,864.9,0.000368,864.9,0.0005,864.9,0.000148
865.7,0.00057,865.7,0.000607,865.7,0.001259,865.7,0.000627,865.7,0.000552,865.7,0.001309,865.7,0.000657,865.7,0.001079,865.7,0.000775
866.6,0.000702,866.6,0.000584,866.6,0.000547,866.6,-7.12E-05,866.6,0.000411,866.6,0.001092,866.6,0.001123,866.6,0.000953,866.6,0.000961
867.4,0.000743,867.4,0.000717,867.4,0.000451,867.4,-0.00016,867.4,-1.16E-05,867.4,0.001293,867.4,0.000728,867.4,0.000909,867.4,0.00061
868.3,0.00119,868.3,0.001143,868.3,0.000718,868.3,0.000512,868.3,0.00023,868.3,0.00144,868.3,0.000986,868.3,0.001177,868.3,0.000745
869.1,0.000676,869.1,0.000743,869.1,0.000489,869.1,0.00075,869.1,-4.02E-05,869.1,0.000727,869.1,0.000782,869.1,0.001409,869.1,0.000601
870,0.00054,870,0.000494,870,-2.07E-05,870,-2.26E-05,870,-0.00023,870,0.0002,870,0.000822,870,0.000959,870,0.000469
870.8,0.00035,870.8,0.000806,870.8,-0.00051,870.8,-9.91E-05,870.8,-0.00028,870.8,-4.06E-06,870.8,0.000392,870.8,0.000722,870.8,-0.0004
871.7,0.001065,871.7,0.000768,871.7,0.000121,871.7,0.000329,871.7,0.000528,871.7,0.000208,871.7,-7.06E-05,871.7,0.000325,871.7,-0.00012
872.5,0.001035,872.5,0.000795,872.5,0.000831,872.5,0.000988,872.5,0.000983,872.5,-3.09E-05,872.5,-0.00019,872.5,0.001216,872.5,6.83E-05
873.4,0.00121,873.4,0.000299,873.4,0.000981,873.4,0.001156,873.4,0.00134,873.4,0.000112,873.4,0.000447,873.4,0.001392,873.4,0.000774
874.2,0.000941,874.2,0.001139,874.2,0.001042,874.2,0.001209,874.2,0.001342,874.2,0.000541,874.2,0.000897,874.2,0.001732,874.2,0.000718
875.1,0.000499,875.1,5.07E-06,875.1,-0.00015,875.1,0.000924,875.1,0.000336,875.1,0.000297,875.1,0.000876,875.1,0.000507,875.1,0.000417
875.9,-0.00019,875.9,-0.00024,875.9,-0.00023,875.9,0.000498,875.9,-0.00023,875.9,7.17E-05,875.9,-8.40E-06,875.9,-7.33E-05,875.9,-0.00039
876.8,5.22E-05,876.8,-0.00045,876.8,-0.00055,876.8,0.000711,876.8,-0.00023,876.8,-0.00011,876.8,0.000139,876.8,-0.00032,876.8,0.000239
877.6,0.000586,877.6,0.000845,877.6,0.000443,877.6,0.000863,877.6,0.000852,877.6,0.000484,877.6,-7.94E-05,877.6,-7.88E-05,877.6,0.000198
878.5,0.000499,878.5,0.000893,878.5,0.000261,878.5,0.000563,878.5,0.000583,878.5,0.000444,878.5,-0.00016,878.5,0.000265,878.5,0.000388
879.3,0.000593,879.3,0.000734,879.3,0.000672,879.3,0.000349,879.3,0.000178,879.3,0.000389,879.3,-0.00031,879.3,0.000832,879.3,-0.00023
880.2,0.000555,880.2,0.000391,880.2,0.000674,880.2,0.000446,880.2,-5.47E-05,880.2,0.000549,880.2,0.000202,880.2,0.001208,880.2,0.000615
881,0.001207,881,0.000227,881,0.000568,881,0.000966,881,-0.00022,881,0.000619,881,0.000498,881,0.001662,881,0.000986
881.9,0.00078,881.9,2.57E-05,881.9,0.00027,881.9,0.000443,881.9,-0.0006,881.9,0.000661,881.9,0.000516,881.9,0.001383,881.9,0.000985
882.7,0.000678,882.7,4.85E-05,882.7,-0.00024,882.7,0.000121,882.7,-0.00078,882.7,0.000399,882.7,0.000178,882.7,0.000783,882.7,0.000476
883.6,0.000796,883.6,0.000464,883.6,-3.66E-05,883.6,-0.0002,883.6,-0.00058,883.6,0.000501,883.6,1.51E-05,883.6,0.000337,883.6,5.76E-05
884.4,0.001315,884.4,0.001326,884.4,0.000254,884.4,0.000938,884.4,0.000429,884.4,0.001002,884.4,0.000285,884.4,0.000399,884.4,0.000308
885.3,0.001288,885.3,0.001657,885.3,0.000896,885.3,0.000628,885.3,0.000524,885.3,0.000861,885.3,0.000515,885.3,0.000525,885.3,0.000583
886.1,0.00111,886.1,0.001465,886.1,0.001078,886.1,0.001333,886.1,7.63E-05,886.1,0.000847,886.1,0.001306,886.1,0.000253,886.1,0.000964
887,0.000946,887,0.000653,887,0.0011,887,0.000781,887,4.86E-05,887,0.000599,887,0.001159,887,0.000144,887,0.001114
887.8,0.001073,887.8,0.000417,887.8,0.000393,887.8,0.001374,887.8,-0.00013,887.8,0.000763,887.8,0.001007,887.8,0.000325,887.8,0.000665
888.7,0.000741,888.7,0.000481,888.7,0.000808,888.7,0.001254,888.7,0.000762,888.7,0.000672,888.7,0.000957,888.7,0.001063,888.7,0.000961
889.5,0.000828,889.5,0.000634,889.5,0.001018,889.5,0.001123,889.5,0.00024,889.5,0.000602,889.5,0.00064,889.5,0.000955,889.5,0.000673
890.4,0.000671,890.4,0.000641,890.4,0.001161,890.4,0.001466,890.4,0.000699,890.4,0.001069,890.4,0.001148,890.4,0.001558,890.4,0.001437
891.2,0.001093,891.2,0.000329,891.2,0.000683,891.2,0.001152,891.2,0.000477,891.2,0.000577,891.2,0.000818,891.2,0.001324,891.2,0.001505
892.1,0.000487,892.1,0.000212,892.1,0.000714,892.1,0.001189,892.1,8.28E-05,892.1,0.000171,892.1,0.000931,892.1,0.001294,892.1,0.001727
892.9,0.000777,892.9,0.000395,892.9,0.000901,892.9,0.000791,892.9,0.000204,892.9,4.99E-05,892.9,0.00099,892.9,0.001117,892.9,0.001571
893.8,0.000111,893.8,0.000248,893.8,0.001076,893.8,0.000601,893.8,0.000148,893.8,0.000391,893.8,0.000378,893.8,0.000296,893.8,0.001141
894.6,0.000275,894.6,0.000637,894.6,0.000536,894.6,0.000497,894.6,0.000721,894.6,0.000543,894.6,0.000544,894.6,0.000284,894.6,0.000898
895.5,-6.49E-05,895.5,0.000104,895.5,0.000685,895.5,0.000608,895.5,0.000388,895.5,0.000234,895.5,0.00011,895.5,0.000106,895.5,0.000531
896.3,0.000419,896.3,0.000678,896.3,-2.85E-06,896.3,4.17E-05,896.3,0.000394,896.3,-2.51E-05,896.3,0.000168,896.3,0.000509,896.3,0.000357
897.2,3.97E-05,897.2,0.00019,897.2,-0.00012,897.2,-0.00044,897.2,-0.00032,897.2,-0.0002,897.2,-0.00061,897.2,0.000214,897.2,0.000403
898,0.000144,898,0.000498,898,-0.00012,898,-0.00113,898,-8.41E-06,898,-0.00049,898,-0.00066,898,0.000307,898,0.000838
898.9,0.0002,898.9,0.000134,898.9,0.00062,898.9,-0.00058,898.9,0.00011,898.9,0.000368,898.9,-0.00012,898.9,0.000787,898.9,0.001415
899.7,0.000161,899.7,-0.00014,899.7,0.000385,899.7,-0.00088,899.7,0.000317,899.7,-9.75E-05,899.7,1.10E-05,899.7,0.000798,899.7,0.000468